word,1,2
сеть,0.012984542139336714,0.02548576764095185
появиться,0.006492271069668357,0.01456329579482963
видео,0.012984542139336714,0.010922471846122222
празднование,0.007174399309777498,0
игрок,0.051938168557346856,0.0036408239487074074
цска,0.06456959378799748,0
кубок,0.03587199654888749,0
гагарин,0.03587199654888749,0
московский,0.012984542139336714,0.0036408239487074074
отпраздновать,0.007174399309777498,0
победа,0.08609279171732996,0
финал,0.04304639585866498,0
плей-офф,0.04304639585866498,0
континентальный,0.02869759723910999,0
хоккейный,0.06456959378799748,0
лига,0.08609279171732996,0
кхл,0.04304639585866498,0
против,0.04304639585866498,0
омский,0.02152319792933249,0
авангард,0.05022079516844248,0
передавать,0.01947681320900507,0.007281647897414815
спорт-экспресс,0.007174399309777498,0
опубликовать,0.006492271069668357,0.007281647897414815
армеец,0.014348798619554995,0
радоваться,0.007174399309777498,0
завоевание,0.007174399309777498,0
первый,0.045445897487678494,0.04004906343578148
история,0.025969084278673428,0.007281647897414815
свой,0.06492271069668357,0.02912659158965926
клуб,0.09326719102710747,0
хоккеист,0.02869759723910999,0
расплёскивать,0.007174399309777498,0
шампанский,0.007174399309777498,0
раздевалка,0.007174399309777498,0
веселиться,0.007174399309777498,0
четвёртый,0.025969084278673428,0.0036408239487074074
матч,0.13631358688577244,0
завершиться,0.02869759723910999,0
овертайм,0.02152319792933249,0
счёт,0.045445897487678494,0.007281647897414815
столичный,0.014348798619554995,0
команда,0.07790725283602028,0.010922471846122222
одолеть,0.014348798619554995,0
соперник,0.04304639585866498,0
четыре,0.03587199654888749,0
игра,0.06456959378799748,0
серия,0.05022079516844248,0
ранее,0.051938168557346856,0.0036408239487074074
национальный,0.03587199654888749,0
нхл,0.05022079516844248,0
миннесота,0.007174399309777498,0
уайлд,0.007174399309777498,0
поздравить,0.007174399309777498,0
нападать,0.06456959378799748,0
кирилл,0.007174399309777498,0
капризов,0.007174399309777498,0
орландо,0.02869759723910999,0
проиграть,0.014348798619554995,0
торонто,0.02869759723910999,0
пустить,0.007174399309777498,0
вперёд,0.014348798619554995,0
пройти,0.03895362641801014,0.0036408239487074074
апрель,0.051938168557346856,0.018204119743537035
мэджик,0.007174399309777498,0
площадка,0.006492271069668357,0.0036408239487074074
принимать,0.012984542139336714,0.007281647897414815
рэпторс,0.007174399309777498,0
рамка,0.02152319792933249,0
третий,0.01947681320900507,0.018204119743537035
четвертьфинальный,0.007174399309777498,0
стадия,0.006492271069668357,0.007281647897414815
восточный,0.014348798619554995,0
конференция,0.01947681320900507,0.007281647897414815
закончиться,0.007174399309777498,0
гость,0.007174399309777498,0
самый,0.012984542139336714,0.007281647897414815
результативный,0.014348798619554995,0
стать,0.05843043962701521,0.0509715352819037
паскаль,0.007174399309777498,0
сиак,0.007174399309777498,0
который,0.06492271069668357,0.0983022466151
набрать,0.02152319792933249,0
очки,0.014348798619554995,0
сделать,0.045445897487678494,0.0036408239487074074
подбор,0.006492271069668357,0.0036408239487074074
защитник,0.014348798619554995,0
терренс,0.007174399309777498,0
росс,0.007174399309777498,0
балл,0.014348798619554995,0
выйти,0.012984542139336714,0.007281647897414815
следующий,0.01947681320900507,0.0036408239487074074
главный,0.01947681320900507,0.010922471846122222
тренер,0.04304639585866498,0
анжи,0.014348798619554995,0
магомед,0.007174399309777498,0
адий,0.014348798619554995,0
рассказать,0.025969084278673428,0.010922471846122222
подготовка,0.007174399309777498,0
тур,0.014348798619554995,0
рпл,0.007174399309777498,0
ахмат,0.014348798619554995,0
волнительный,0.007174399309777498,0
сторона,0.01947681320900507,0.007281647897414815
настроение,0.014348798619554995,0
плохой,0.014348798619554995,0
наш,0.012984542139336714,0.007281647897414815
ситуация,0.012984542139336714,0.007281647897414815
единственный,0.007174399309777498,0
большой,0.006492271069668357,0.018204119743537035
плюс,0.007174399309777498,0
поэтому,0.006492271069668357,0.0036408239487074074
любой,0.006492271069668357,0.01456329579482963
готовиться,0.006492271069668357,0.0036408239487074074
хороший,0.051938168557346856,0.0036408239487074074
сказать,0.03246135534834178,0.007281647897414815
эфир,0.007174399309777498,0
телеканал,0.007174399309777498,0
тв,0.007174399309777498,0
состояться,0.012984542139336714,0.0036408239487074074
начало,0.006492271069668357,0.007281647897414815
мск,0.007174399309777498,0
олимпийский,0.014348798619554995,0
чемпионка,0.007174399309777498,0
алина,0.014348798619554995,0
загитов,0.02152319792933249,0
придавать,0.007174399309777498,0
мотивация,0.007174399309777498,0
тренировка,0.014348798619554995,0
выступление,0.02152319792933249,0
спортсменка,0.007174399309777498,0
признаться,0.007174399309777498,0
представлять,0.006492271069668357,0.007281647897414815
жизнь,0.006492271069668357,0.01456329579482963
фигурный,0.014348798619554995,0
катание,0.014348798619554995,0
получать,0.006492271069668357,0.007281647897414815
внимание,0.006492271069668357,0.0036408239487074074
олимпиаде-2018,0.007174399309777498,0
отметить,0.025969084278673428,0.01456329579482963
слово,0.03246135534834178,0.01456329579482963
приводить,0.006492271069668357,0.0036408239487074074
японский,0.007174399309777498,0
сайт,0.006492271069668357,0.01456329579482963
number,0.007174399309777498,0
web,0.007174399309777498,0
фигуристка,0.014348798619554995,0
добавить,0.012984542139336714,0.0036408239487074074
сам,0.014348798619554995,0
измениться,0.007174399309777498,0
остаться,0.012984542139336714,0.010922471846122222
прежде,0.006492271069668357,0.0036408239487074074
мечта,0.02152319792933249,0
очень,0.01947681320900507,0.007281647897414815
важный,0.006492271069668357,0.010922471846122222
осознание,0.007174399309777498,0
мой,0.007174399309777498,0
помогать,0.006492271069668357,0.010922471846122222
пояснить,0.007174399309777498,0
неудача,0.007174399309777498,0
именно,0.006492271069668357,0.0036408239487074074
мысль,0.007174399309777498,0
позволять,0.006492271069668357,0.018204119743537035
о,0.007174399309777498,0
весь,0.006492271069668357,0.021844943692244444
забыть,0.006492271069668357,0.0036408239487074074
продолжать,0.007174399309777498,0
работать,0.014348798619554995,0
хотеть,0.02869759723910999,0
далёкий,0.007174399309777498,0
кататься,0.007174399309777498,0
ошибка,0.02152319792933249,0
это,0.07790725283602028,0.0473307113331963
сезон,0.05739519447821998,0
близкий,0.012984542139336714,0.018204119743537035
чемпионат,0.07174399309777497,0
франция,0.007174399309777498,0
псж,0.02152319792933249,0
сыграть,0.03587199654888749,0
монако,0.014348798619554995,0
специальный,0.007174399309777498,0
футболка,0.007174399309777498,0
изображение,0.007174399309777498,0
собор,0.014348798619554995,0
парижский,0.007174399309777498,0
богоматерь,0.007174399309777498,0
сообщаться,0.01947681320900507,0.018204119743537035
намеренный,0.006492271069668357,0.0036408239487074074
собрать,0.007174399309777498,0
средство,0.006492271069668357,0.0036408239487074074
восстановление,0.007174399309777498,0
серьёзно,0.007174399309777498,0
пострадать,0.007174399309777498,0
пожар,0.007174399309777498,0
досрочный,0.007174399309777498,0
оформление,0.007174399309777498,0
чемпионский,0.007174399309777498,0
титул,0.007174399309777498,0
достаточно,0.007174399309777498,0
вничью,0.007174399309777498,0
встреча,0.04304639585866498,0
начаться,0.012984542139336714,0.0036408239487074074
штырковы,0.007174399309777498,0
попасть,0.014348798619554995,0
больница,0.014348798619554995,0
день,0.006492271069668357,0.010922471846122222
ufc,0.02152319792933249,0
питер,0.007174399309777498,0
бой,0.02152319792933249,0
отменный,0.02152319792933249,0
американский,0.007174399309777498,0
боец,0.007174399309777498,0
дэвино,0.007174399309777498,0
кларк,0.014348798619554995,0
сообщить,0.01947681320900507,0.007281647897414815
россиянин,0.025969084278673428,0.007281647897414815
иван,0.007174399309777498,0
штырков,0.007174399309777498,0
поединок,0.007174399309777498,0
должный,0.025969084278673428,0.021844943692244444
турнир,0.03587199654888749,0
санкт-петербург,0.014348798619554995,0
поблагодарить,0.007174399309777498,0
поддержка,0.012984542139336714,0.007281647897414815
сожаление,0.007174399309777498,0
россия,0.051938168557346856,0.010922471846122222
заболеть,0.007174399309777498,0
находиться,0.006492271069668357,0.010922471846122222
спасибо,0.007174399309777498,0
многое,0.007174399309777498,0
значит,0.007174399309777498,0
инстаграм,0.007174399309777498,0
медведев,0.03587199654888749,0
впервые,0.02869759723910999,0
обыграть,0.014348798619554995,0
джокович,0.02869759723910999,0
российский,0.006492271069668357,0.0036408239487074074
теннисист,0.014348798619554995,0
даниил,0.014348798619554995,0
победить,0.014348798619554995,0
серб,0.014348798619554995,0
новак,0.014348798619554995,0
четвертьфинал,0.02152319792933249,0
atp,0.014348798619554995,0
монте-карло,0.007174399309777498,0
продолжаться,0.007174399309777498,0
час,0.006492271069668357,0.0036408239487074074
минута,0.006492271069668357,0.007281647897414815
эйс,0.014348798619554995,0
два,0.012984542139336714,0.0036408239487074074
двойной,0.014348798619554995,0
ракетка,0.014348798619554995,0
мир,0.025969084278673428,0.018204119743537035
карьера,0.014348798619554995,0
предыдущий,0.007174399309777498,0
заканчиваться,0.007174399309777498,0
польза,0.006492271069668357,0.0036408239487074074
сербский,0.007174399309777498,0
сербия,0.007174399309777498,0
полуфинал,0.02152319792933249,0
встретиться,0.007174399309777498,0
другой,0.01947681320900507,0.018204119743537035
душан,0.007174399309777498,0
лайович,0.007174399309777498,0
рейтинг,0.006492271069668357,0.0036408239487074074
синхронистка,0.007174399309777498,0
рф,0.007174399309777498,0
выиграть,0.007174399309777498,0
технический,0.012984542139336714,0.0036408239487074074
программа,0.012984542139336714,0.02912659158965926
этап,0.02152319792933249,0
мировой,0.012984542139336714,0.0036408239487074074
вчера,0.006492271069668357,0.0036408239487074074
казань,0.014348798619554995,0
апр,0.007174399309777498,0
риа,0.007174399309777498,0
новость,0.006492271069668357,0.0036408239487074074
сборная,0.05022079516844248,0
командный,0.007174399309777498,0
соревнование,0.007174399309777498,0
синхронный,0.007174399309777498,0
плавание,0.007174399309777498,0
проходить,0.006492271069668357,0.007281647897414815
совместить,0.007174399309777498,0
россиянка,0.007174399309777498,0
получить,0.012984542139336714,0.010922471846122222
оценка,0.006492271069668357,0.007281647897414815
второй,0.05022079516844248,0
место,0.03895362641801014,0.01456329579482963
занять,0.025969084278673428,0.0036408239487074074
белоруссия,0.02152319792933249,0
венгрия,0.007174399309777498,0
москва,0.012984542139336714,0.021844943692244444
пресс-атташе,0.014348798619554995,0
федерация,0.02869759723910999,0
ффккр,0.007174399309777498,0
ольга,0.007174399309777498,0
ермолин,0.02869759723910999,0
осудить,0.014348798619554995,0
известный,0.006492271069668357,0.010922471846122222
журналистка,0.007174399309777498,0
елена,0.007174399309777498,0
вайцеховский,0.02152319792933249,0
критика,0.007174399309777498,0
метод,0.006492271069668357,0.010922471846122222
работа,0.012984542139336714,0.0509715352819037
этери,0.014348798619554995,0
тутберидзе,0.014348798619554995,0
подчеркнуть,0.006492271069668357,0.0036408239487074074
высказывать,0.007174399309777498,0
лишь,0.006492271069668357,0.010922471846122222
собственный,0.006492271069668357,0.0036408239487074074
позиция,0.007174399309777498,0
говорить,0.01947681320900507,0.0036408239487074074
имя,0.006492271069668357,0.0036408239487074074
реально,0.007174399309777498,0
смешно,0.007174399309777498,0
читать,0.007174399309777498,0
очередной,0.006492271069668357,0.007281647897414815
опус,0.007174399309777498,0
госпожа,0.007174399309777498,0
выпад,0.007174399309777498,0
адрес,0.007174399309777498,0
написать,0.006492271069668357,0.0036408239487074074
страница,0.007174399309777498,0
facebook,0.007174399309777498,0
её,0.006492271069668357,0.0036408239487074074
мнение,0.014348798619554995,0
журналист,0.03246135534834178,0.010922471846122222
объективный,0.006492271069668357,0.0036408239487074074
специалист,0.012984542139336714,0.0036408239487074074
убедить,0.007174399309777498,0
игнорировать,0.007174399309777498,0
факт,0.006492271069668357,0.0036408239487074074
делать,0.04304639585866498,0
умозаключение,0.007174399309777498,0
исходить,0.007174399309777498,0
личный,0.006492271069668357,0.0036408239487074074
симпатия,0.007174399309777498,0
антипатия,0.007174399309777498,0
сегодня,0.006492271069668357,0.018204119743537035
статья,0.006492271069668357,0.010922471846122222
касаться,0.006492271069668357,0.0036408239487074074
ученик,0.007174399309777498,0
писаться,0.007174399309777498,0
примерно,0.007174399309777498,0
схема,0.006492271069668357,0.007281647897414815
заявить,0.025969084278673428,0.007281647897414815
прогноз,0.006492271069668357,0.0036408239487074074
иметь,0.012984542139336714,0.01456329579482963
общий,0.014348798619554995,0
последующий,0.007174399309777498,0
реальность,0.007174399309777498,0
туринский,0.014348798619554995,0
ювентус,0.02152319792933249,0
криштиану,0.007174399309777498,0
роналда,0.007174399309777498,0
показать,0.007174399309777498,0
странный,0.007174399309777498,0
жест,0.014348798619554995,0
голландский,0.007174399309777498,0
аяксом,0.007174399309777498,0
чемпион,0.03587199654888749,0
сообщать,0.012984542139336714,0.0036408239487074074
советский,0.014348798619554995,0
спорт,0.014348798619554995,0
уходить,0.006492271069668357,0.0036408239487074074
поле,0.007174399309777498,0
форвард,0.02869759723910999,0
провести,0.02869759723910999,0
рука,0.006492271069668357,0.0036408239487074074
возле,0.007174399309777498,0
пятый,0.007174399309777498,0
точка,0.007174399309777498,0
намекать,0.007174399309777498,0
распространение,0.006492271069668357,0.0036408239487074074
запах,0.007174399309777498,0
пользователь,0.006492271069668357,0.018204119743537035
социальный,0.006492271069668357,0.01456329579482963
португальский,0.007174399309777498,0
футболист,0.02152319792933249,0
данный,0.012984542139336714,0.007281647897414815
поступок,0.007174399309777498,0
поражение,0.007174399309777498,0
старый,0.007174399309777498,0
синьор,0.007174399309777498,0
полузащитник,0.007174399309777498,0
хедир,0.007174399309777498,0
пропустить,0.007174399309777498,0
остаток,0.007174399309777498,0
из-за,0.01947681320900507,0.007281647897414815
травма,0.02152319792933249,0
экс-полузащитник,0.007174399309777498,0
тоттенхэма,0.014348798619554995,0
англия,0.014348798619554995,0
джермэйн,0.007174399309777498,0
дженас,0.007174399309777498,0
выразить,0.007174399309777498,0
манчестер,0.04304639585866498,0
юнайтед,0.04304639585866498,0
поторопиться,0.007174399309777498,0
назначить,0.02869759723910999,0
оле-гуннар,0.007174399309777498,0
сульшер,0.02152319792933249,0
новый,0.025969084278673428,0.06917565502544075
наставник,0.007174399309777498,0
увольнение,0.007174399309777498,0
жозе,0.007174399309777498,0
моуриньо,0.014348798619554995,0
решение,0.025969084278673428,0.06189400712802593
верный,0.007174399309777498,0
чувствовать,0.007174399309777498,0
принять,0.006492271069668357,0.010922471846122222
эмоция,0.02869759723910999,0
хотя,0.007174399309777498,0
продумать,0.007174399309777498,0
логичный,0.007174399309777498,0
долгосрочный,0.007174399309777498,0
перспектива,0.007174399309777498,0
один,0.03246135534834178,0.032767415538366665
вещь,0.006492271069668357,0.01456329579482963
уйти,0.012984542139336714,0.010922471846122222
перестать,0.012984542139336714,0.007281647897414815
всё,0.007174399309777498,0
путём,0.007174399309777498,0
мю,0.014348798619554995,0
привыкнуть,0.007174399309777498,0
по-другому,0.007174399309777498,0
сэр,0.007174399309777498,0
алекс,0.007174399309777498,0
фергюсон,0.014348798619554995,0
уникально,0.007174399309777498,0
оказаться,0.006492271069668357,0.010922471846122222
трудно,0.007174399309777498,0
воспроизвести,0.007174399309777498,0
помощь,0.006492271069668357,0.032767415538366665
планета,0.007174399309777498,0
гвардиол,0.007174399309777498,0
прийти,0.01947681320900507,0.0036408239487074074
сити,0.007174399309777498,0
манчинить,0.007174399309777498,0
пеллегринить,0.007174399309777498,0
клоппа,0.007174399309777498,0
ливерпуль,0.02152319792933249,0
стиль,0.007174399309777498,0
нужно,0.014348798619554995,0
думать,0.014348798619554995,0
искать,0.007174399309777498,0
приблизиться,0.007174399309777498,0
тот,0.006492271069668357,0.018204119743537035
необходимый,0.006492271069668357,0.007281647897414815
найти,0.012984542139336714,0.007281647897414815
индивидуальность,0.007174399309777498,0
пытаться,0.02152319792933249,0
решиться,0.007174399309777498,0
ставить,0.014348798619554995,0
знать,0.02152319792933249,0
полагать,0.007174399309777498,0
оля,0.007174399309777498,0
эмоциональный,0.007174399309777498,0
продать,0.007174399309777498,0
ромела,0.007174399309777498,0
лукака,0.014348798619554995,0
информация,0.006492271069668357,0.021844943692244444
the,0.006492271069668357,0.0036408239487074074
telegraph,0.007174399309777498,0
красный,0.007174399309777498,0
дьявол,0.007174399309777498,0
уле,0.007174399309777498,0
гуннар,0.007174399309777498,0
кадровый,0.006492271069668357,0.0036408239487074074
изменение,0.006492271069668357,0.007281647897414815
вероятность,0.007174399309777498,0
бельгийский,0.007174399309777498,0
покинуть,0.006492271069668357,0.007281647897414815
однако,0.006492271069668357,0.007281647897414815
руководство,0.006492271069668357,0.0036408239487074074
ждать,0.012984542139336714,0.01456329579482963
достойный,0.007174399309777498,0
предложение,0.007174399309777498,0
сфера,0.006492271069668357,0.007281647897414815
интерес,0.012984542139336714,0.007281647897414815
такой,0.025969084278673428,0.02548576764095185
миланский,0.014348798619554995,0
интер,0.02152319792933249,0
французский,0.007174399309777498,0
мюнхенский,0.007174399309777498,0
бавария,0.007174399309777498,0
агент,0.014348798619554995,0
спортсмен,0.007174399309777498,0
предпочесть,0.007174399309777498,0
италия,0.02152319792933249,0
вратарь,0.014348798619554995,0
извиниться,0.007174399309777498,0
гол,0.02152319792933249,0
месси,0.04304639585866498,0
хоккей,0.014348798619554995,0
фхб,0.014348798619554995,0
рассматривать,0.007174399309777498,0
повестка,0.014348798619554995,0
вопрос,0.025969084278673428,0.0036408239487074074
отзыв,0.014348798619554995,0
минский,0.02152319792933249,0
динамо,0.02869759723910999,0
состав,0.02152319792933249,0
сей,0.006492271069668357,0.0036408239487074074
пора,0.006492271069668357,0.0036408239487074074
значиться,0.014348798619554995,0
момент,0.006492271069668357,0.010922471846122222
тасс,0.007174399309777498,0
пресс-служба,0.007174399309777498,0
сезоне-2018/19,0.007174399309777498,0
предпоследний,0.007174399309777498,0
одиннадцатый,0.007174399309777498,0
турнирный,0.007174399309777498,0
таблица,0.007174399309777498,0
западный,0.007174399309777498,0
президент,0.014348798619554995,0
александр,0.014348798619554995,0
лукашенко,0.007174399309777498,0
послание,0.007174399309777498,0
народ,0.007174399309777498,0
собрание,0.007174399309777498,0
коснуться,0.007174399309777498,0
поддержать,0.012984542139336714,0.007281647897414815
бомбардир,0.02152319792933249,0
илья,0.007174399309777498,0
михеев,0.014348798619554995,0
захотеть,0.007174399309777498,0
отправиться,0.014348798619554995,0
председатель,0.006492271069668357,0.0036408239487074074
совет,0.006492271069668357,0.007281647897414815
директор,0.006492271069668357,0.0036408239487074074
крылов,0.014348798619554995,0
регулярный,0.014348798619554995,0
поддерживать,0.007174399309777498,0
илюха,0.007174399309777498,0
уехать,0.014348798619554995,0
северный,0.014348798619554995,0
америка,0.014348798619554995,0
попробовать,0.007174399309777498,0
сила,0.006492271069668357,0.0036408239487074074
право,0.006492271069668357,0.007281647897414815
запрещать,0.007174399309777498,0
назад,0.007174399309777498,0
что-то,0.007174399309777498,0
получиться,0.007174399309777498,0
дать,0.012984542139336714,0.02912659158965926
шанс,0.007174399309777498,0
разумеется,0.007174399309777498,0
мы,0.012984542139336714,0.007281647897414815
понадобиться,0.007174399309777498,0
усиление,0.007174399309777498,0
идти,0.006492271069668357,0.007281647897414815
нынешний,0.007174399309777498,0
проблема,0.006492271069668357,0.010922471846122222
арена,0.006492271069668357,0.007281647897414815
омск,0.014348798619554995,0
подмосковный,0.007174399309777498,0
балашиха,0.014348798619554995,0
неправда,0.007174399309777498,0
кто-то,0.007174399309777498,0
поехать,0.007174399309777498,0
играть,0.02152319792933249,0
подписать,0.007174399309777498,0
условие,0.007174399309777498,0
алексей,0.006492271069668357,0.007281647897414815
емелин,0.007174399309777498,0
просто,0.007174399309777498,0
договориться,0.014348798619554995,0
год,0.025969084278673428,0.05461235923061111
принципиальный,0.007174399309777498,0
стоять,0.007174399309777498,0
какой-то,0.006492271069668357,0.0036408239487074074
ограничение,0.006492271069668357,0.010922471846122222
функционер,0.007174399309777498,0
максим,0.007174399309777498,0
мамин,0.014348798619554995,0
прокомментировать,0.007174399309777498,0
sport24,0.007174399309777498,0
завоевать,0.007174399309777498,0
впечатление,0.007174399309777498,0
радостный,0.007174399309777498,0
смотреть,0.007174399309777498,0
лицо,0.006492271069668357,0.01456329579482963
партнёр,0.006492271069668357,0.018204119743537035
семья,0.007174399309777498,0
обнимать,0.007174399309777498,0
когда-либо,0.007174399309777498,0
испытывать,0.007174399309777498,0
зря,0.007174399309777498,0
возвращаться,0.007174399309777498,0
флорида,0.014348798619554995,0
мочь,0.012984542139336714,0.021844943692244444
мечтать,0.007174399309777498,0
настроить,0.007174399309777498,0
вернуться,0.007174399309777498,0
попраздновать,0.007174399309777498,0
выступать,0.012984542139336714,0.01456329579482963
пантёрзнуть,0.007174399309777498,0
ценный,0.007174399309777498,0
поделиться,0.007174399309777498,0
область/,0.007174399309777498,0
межсезонье,0.007174399309777498,0
пятница,0.014348798619554995,0
игорь,0.007174399309777498,0
есмантович,0.014348798619554995,0
переиграть,0.007174399309777498,0
обладатель,0.014348798619554995,0
никто,0.007174399309777498,0
океан,0.007174399309777498,0
надеяться,0.012984542139336714,0.0036408239487074074
сережа,0.007174399309777498,0
андронов,0.007174399309777498,0
предварительный,0.007174399309777498,0
разговор,0.007174399309777498,0
язык,0.006492271069668357,0.0036408239487074074
нью-йорк,0.007174399309777498,0
рейнджерс,0.014348798619554995,0
хенрик,0.007174399309777498,0
лундквист,0.02152319792933249,0
согласиться,0.007174399309777498,0
выступить,0.006492271069668357,0.0036408239487074074
швеция,0.014348798619554995,0
информировать,0.007174399309777498,0
шведский,0.006492271069668357,0.0036408239487074074
новостной,0.007174399309777498,0
портал,0.006492271069668357,0.010922471846122222
svt,0.007174399309777498,0
текущий,0.006492271069668357,0.007281647897414815
суметь,0.007174399309777498,0
среднее,0.006492271069668357,0.010922471846122222
пропускать,0.007174399309777498,0
шайба,0.014348798619554995,0
становиться,0.006492271069668357,0.01456329579482963
также,0.012984542139336714,0.06553483107673333
мира-2017,0.007174399309777498,0
словацкий,0.007174399309777498,0
братислава,0.007174399309777498,0
кошица,0.007174399309777498,0
май,0.012984542139336714,0.0036408239487074074
группа,0.007174399309777498,0
австрия,0.007174399309777498,0
латвия,0.007174399309777498,0
норвегия,0.007174399309777498,0
чехия,0.014348798619554995,0
швейцария,0.007174399309777498,0
кладный,0.014348798619554995,0
яромир,0.007174399309777498,0
ягр,0.02152319792933249,0
забросить,0.007174399309777498,0
чёска-будеевица,0.007174399309777498,0
чешский,0.007174399309777498,0
дивизион,0.02152319792933249,0
ягра,0.007174399309777498,0
образ,0.007174399309777498,0
путёвка,0.007174399309777498,0
высокий,0.006492271069668357,0.007281647897414815
страна,0.006492271069668357,0.0036408239487074074
напомнить,0.012984542139336714,0.0036408239487074074
являться,0.006492271069668357,0.021844943692244444
владелец,0.007174399309777498,0
начинать,0.007174399309777498,0
сезоне-2017/18,0.007174399309777498,0
действовать,0.007174399309777498,0
занимать,0.006492271069668357,0.007281647897414815
список,0.006492271069668357,0.0036408239487074074
уэйн,0.007174399309777498,0
гретцк,0.007174399309777498,0
актив,0.007174399309777498,0
очко,0.014348798619554995,0
аргентинский,0.007174399309777498,0
барселона,0.02152319792933249,0
лионель,0.007174399309777498,0
признать,0.007174399309777498,0
прошедший,0.007174399309777498,0
неделя,0.012984542139336714,0.007281647897414815
официальный,0.006492271069668357,0.02912659158965926
твиттер,0.007174399309777498,0
вторник,0.014348798619554995,0
камп,0.007174399309777498,0
ноу,0.007174399309777498,0
лч,0.007174399309777498,0
английский,0.007174399309777498,0
забить,0.014348798619554995,0
три,0.007174399309777498,0
итоговый,0.007174399309777498,0
составить,0.006492271069668357,0.007281647897414815
позволить,0.006492271069668357,0.007281647897414815
барс,0.007174399309777498,0
манкунианец,0.007174399309777498,0
нос,0.007174399309777498,0
награда,0.007174399309777498,0
соперничать,0.007174399309777498,0
аякса,0.007174399309777498,0
матейсом,0.007174399309777498,0
де,0.007174399309777498,0
лигтом,0.007174399309777498,0
роберто,0.007174399309777498,0
фирмин,0.007174399309777498,0
сон,0.007174399309777498,0
хен,0.007174399309777498,0
мином,0.007174399309777498,0
лионеля,0.007174399309777498,0
ответный,0.007174399309777498,0
среда,0.006492271069668357,0.010922471846122222
мая.ванда,0.007174399309777498,0
нара,0.007174399309777498,0
жена,0.014348798619554995,0
маурый,0.007174399309777498,0
икарди,0.02869759723910999,0
аргентинец,0.007174399309777498,0
продолжить,0.007174399309777498,0
calciomercato,0.007174399309777498,0
попадать,0.006492271069668357,0.007281647897414815
протяжение,0.007174399309777498,0
месяц,0.007174399309777498,0
соглашение,0.007174399309777498,0
относительно,0.007174399309777498,0
контракт,0.007174399309777498,0
услуга,0.007174399309777498,0
заинтересовать,0.007174399309777498,0
мадридский,0.007174399309777498,0
атлетико,0.007174399309777498,0
реал,0.007174399309777498,0
наполоть,0.007174399309777498,0
отдать,0.007174399309777498,0
передача,0.007174399309777498,0
семак,0.02152319792933249,0
обвинить,0.007174399309777498,0
краснодар,0.02152319792933249,0
попытка,0.007174399309777498,0
спровоцировать,0.02152319792933249,0
драка,0.014348798619554995,0
петербургский,0.007174399309777498,0
зенит,0.007174399309777498,0
сергей,0.006492271069668357,0.0036408239487074074
едва,0.007174399309777498,0
привести,0.006492271069668357,0.007281647897414815
массовый,0.006492271069668357,0.01456329579482963
представитель,0.006492271069668357,0.0036408239487074074
тренерский,0.007174399309777498,0
штаб,0.007174399309777498,0
понять,0.01947681320900507,0.0036408239487074074
связать,0.006492271069668357,0.0036408239487074074
заминка,0.007174399309777498,0
выполнение,0.006492271069668357,0.01456329579482963
замена,0.02869759723910999,0
конфликт,0.014348798619554995,0
проводить,0.007174399309777498,0
лимит,0.014348798619554995,0
сначала,0.014348798619554995,0
планировать,0.006492271069668357,0.007281647897414815
выпустить,0.01947681320900507,0.0036408239487074074
вместо,0.012984542139336714,0.0036408239487074074
иностранец,0.02152319792933249,0
ригнать,0.007174399309777498,0
судья,0.007174399309777498,0
поднимать,0.006492271069668357,0.0036408239487074074
резервный,0.007174399309777498,0
десять,0.006492271069668357,0.0036408239487074074
объяснить,0.007174399309777498,0
объяснять,0.007174399309777498,0
противоположный,0.007174399309777498,0
убрать,0.007174399309777498,0
готовый,0.006492271069668357,0.0036408239487074074
вынужденный,0.007174399309777498,0
растеряться,0.007174399309777498,0
боков,0.007174399309777498,0
арбитр,0.007174399309777498,0
мы-то,0.007174399309777498,0
повод,0.007174399309777498,0
оздоева,0.007174399309777498,0
бывать,0.007174399309777498,0
прийтись,0.007174399309777498,0
заменить,0.007174399309777498,0
скамейка,0.007174399309777498,0
ровный,0.007174399309777498,0
ясно,0.007174399309777498,0
понятно,0.007174399309777498,0
цитировать,0.007174399309777498,0
sports.ru,0.007174399309777498,0
представить,0,0.03589024690547284
система,0,0.07975610423438409
умный,0,0.043865857328911254
дом,0,0.039878052117192045
новинка,0,0.011963415635157614
бытовой,0,0.027914636482034433
техника,0,0.023926831270315228
центр,0,0.007975610423438409
бизнес-и,0,0.007975610423438409
спортивный,0,0.007975610423438409
кластер,0,0.007975610423438409
втб,0,0.007975610423438409
парк,0,0.007975610423438409
отель,0,0.011963415635157614
hyatt,0,0.007975610423438409
regency,0,0.007975610423438409
moscow,0,0.007975610423438409
petrovsky,0,0.007975610423438409
park,0,0.007975610423438409
lg,0,0.08773171465782251
electronics,0,0.015951220846876817
бизнес-партнёр,0,0.007975610423438409
дизайнер,0,0.007975610423438409
интерьер,0,0.007975610423438409
thinq,0,0.023926831270315228
ai,0,0.023926831270315228
область,0,0.015951220846876817
искусственный,0,0.03589024690547284
интеллект,0,0.039878052117192045
интернет,0,0.031902441693753635
премиальный,0,0.007975610423438409
аудио,0,0.007975610423438409
популярный,0,0.011963415635157614
востребовать,0,0.007975610423438409
постепенно,0,0.011963415635157614
проникать,0,0.007975610423438409
следовать,0,0.011963415635157614
глобальный,0,0.007975610423438409
тенденция,0,0.011963415635157614
wi-fi,0,0.007975610423438409
соединение,0,0.007975610423438409
объединять,0,0.007975610423438409
устройство,0,0.055829272964068866
производить,0,0.007975610423438409
компания,0,0.11165854592813773
центральный,0,0.007975610423438409
телевизор,0,0.023926831270315228
платформа,0,0.047853662540630455
smart,0,0.031902441693753635
качество,0,0.019939026058596022
единый,0,0.015951220846876817
пользовательский,0,0.007975610423438409
интерфейс,0,0.011963415635157614
консолидация,0,0.007975610423438409
умных-устройство,0,0.007975610423438409
встроить,0,0.027914636482034433
панель,0,0.011963415635157614
управление,0,0.007975610423438409
контролировать,0,0.011963415635157614
прибор,0,0.011963415635157614
домашний,0,0.007975610423438409
голосовой,0,0.019939026058596022
поменять,0,0.023926831270315228
температура,0,0.019939026058596022
холодильник,0,0.007975610423438409
посмотреть,0,0.007975610423438409
статус,0,0.011963415635157614
стиральный,0,0.007975610423438409
машина,0,0.015951220846876817
styler,0,0.007975610423438409
включить/выключить,0,0.023926831270315228
робот-пылесос,0,0.007975610423438409
отправить,0,0.007975610423438409
зарядка,0,0.007975610423438409
очиститель,0,0.007975610423438409
воздух,0,0.019939026058596022
режим,0,0.011963415635157614
скорость,0,0.019939026058596022
вентилятор,0,0.007975610423438409
проверить,0,0.007975610423438409
пыль,0,0.007975610423438409
кондиционер,0,0.007975610423438409
мощность,0,0.011963415635157614
поток,0,0.007975610423438409
тема,0,0.011963415635157614
развитие,0,0.019939026058596022
технология,0,0.03589024690547284
будущее,0,0.027914636482034433
скоро,0,0.007975610423438409
качественно,0,0.007975610423438409
преобразить,0,0.007975610423438409
человечество,0,0.011963415635157614
подвластный,0,0.007975610423438409
многий,0,0.019939026058596022
задача,0,0.015951220846876817
алгоритм,0,0.015951220846876817
обучение,0,0.023926831270315228
использовать,0,0.023926831270315228
глубинный,0,0.011963415635157614
преобразование,0,0.007975610423438409
картинка,0,0.007975610423438409
звук,0,0.007975610423438409
способ,0,0.007975610423438409
лаборатория,0,0.015951220846876817
касперский,0,0.015951220846876817
применять,0,0.007975610423438409
машинный,0,0.007975610423438409
эффективный,0,0.007975610423438409
построение,0,0.007975610423438409
модель,0,0.031902441693753635
способный,0,0.023926831270315228
автоматически,0,0.007975610423438409
различать,0,0.007975610423438409
чистый,0,0.007975610423438409
вредоносный,0,0.007975610423438409
файл,0,0.007975610423438409
рассказывать,0,0.011963415635157614
антивирусный,0,0.007975610423438409
эксперт,0,0.027914636482034433
малан,0,0.007975610423438409
участие,0,0.015951220846876817
территория,0,0.011963415635157614
клавиатура,0,0.011963415635157614
прошлое,0,0.011963415635157614
предположение,0,0.003987805211719204
время,0,0.039878052117192045
навсегда,0,0.003987805211719204
достояние,0,0.003987805211719204
hi-tech,0,0.007975610423438409
принадлежать,0,0.003987805211719204
ассистент,0,0.007975610423438409
давно,0,0.003987805211719204
отойти,0,0.003987805211719204
задний,0,0.003987805211719204
план,0,0.003987805211719204
повсеместный,0,0.003987805211719204
использование,0,0.011963415635157614
общество,0,0.003987805211719204
поскольку,0,0.003987805211719204
прогресс,0,0.003987805211719204
стоить,0,0.007975610423438409
прежний,0,0.007975610423438409
способствовать,0,0.003987805211719204
мешать,0,0.003987805211719204
полноценный,0,0.011963415635157614
взаимодействие,0,0.011963415635157614
некоторый,0,0.007975610423438409
девайс,0,0.003987805211719204
значительно,0,0.003987805211719204
уменьшать,0,0.003987805211719204
эффективность,0,0.007975610423438409
подобный,0,0.023926831270315228
назвать,0,0.007975610423438409
причина,0,0.015951220846876817
частность,0,0.011963415635157614
печатание,0,0.003987805211719204
зависеть,0,0.003987805211719204
длинный,0,0.003987805211719204
натренировать,0,0.003987805211719204
палец,0,0.003987805211719204
существенно,0,0.003987805211719204
ускорить,0,0.003987805211719204
упростить,0,0.003987805211719204
процесс,0,0.007975610423438409
пример,0,0.011963415635157614
распечатка,0,0.003987805211719204
какой-либо,0,0.003987805211719204
бланк,0,0.003987805211719204
государственный,0,0.003987805211719204
учреждение,0,0.003987805211719204
межбанковский,0,0.015951220846876817
акселерационный,0,0.023926831270315228
banktech,0,0.015951220846876817
организовать,0,0.007975610423438409
финтех,0,0.015951220846876817
лаб,0,0.007975610423438409
газпромбанк,0,0.023926831270315228
акселератор,0,0.015951220846876817
стартовать,0,0.007975610423438409
конец,0,0.011963415635157614
продлиться,0,0.007975610423438409
подать,0,0.007975610423438409
заявка,0,0.015951220846876817
результат,0,0.015951220846876817
сотрудничество,0,0.007975610423438409
планироваться,0,0.015951220846876817
запустить,0,0.015951220846876817
пилотный,0,0.007975610423438409
проект,0,0.015951220846876817
разработать,0,0.027914636482034433
стартап,0,0.015951220846876817
прямой,0,0.011963415635157614
банк-партнёр,0,0.007975610423438409
организатор,0,0.007975610423438409
приоритетный,0,0.007975610423438409
направление,0,0.007975610423438409
отбор,0,0.007975610423438409
роботизация,0,0.007975610423438409
входящая,0,0.007975610423438409
исходящая,0,0.007975610423438409
коммуникация,0,0.011963415635157614
клиент,0,0.023926831270315228
чат-бот,0,0.007975610423438409
создание,0,0.007975610423438409
поиск,0,0.015951220846876817
потенциальный,0,0.015951220846876817
цифровой,0,0.015951220846876817
канал,0,0.007975610423438409
скоринговый,0,0.007975610423438409
биометрический,0,0.007975610423438409
идентификация,0,0.007975610423438409
сервис,0,0.019939026058596022
малое,0,0.007975610423438409
бизнес,0,0.031902441693753635
риск-профилирование,0,0.007975610423438409
число,0,0.015951220846876817
юридический,0,0.007975610423438409
цифровизация,0,0.015951220846876817
банковский,0,0.007975610423438409
составлять,0,0.019939026058596022
современный,0,0.011963415635157614
финансовый,0,0.007975610423438409
организация,0,0.007975610423438409
участник,0,0.019939026058596022
улучшить,0,0.007975610423438409
продукт,0,0.015951220846876817
банк,0,0.007975610423438409
технологический,0,0.011963415635157614
начальник,0,0.007975610423438409
департамент,0,0.007975610423438409
информационно-технологический,0,0.007975610423438409
инновация,0,0.011963415635157614
екатерина,0,0.007975610423438409
фроловичев,0,0.007975610423438409
instagram,0,0.011963415635157614
начать,0,0.007975610423438409
скрывать,0,0.007975610423438409
количество,0,0.015951220846876817
лайковый,0,0.011963415635157614
возможно,0,0.011963415635157614
серьёзный,0,0.007975610423438409
аккаунт,0,0.003987805211719204
twitter,0,0.007975610423438409
джейн,0,0.003987805211719204
маньчун,0,0.003987805211719204
вонг,0,0.003987805211719204
исследование,0,0.003987805211719204
приложение,0,0.019939026058596022
указать,0,0.003987805211719204
иной,0,0.003987805211719204
запись,0,0.003987805211719204
поставить,0,0.003987805211719204
соцсеть,0,0.007975610423438409
примечательно,0,0.003987805211719204
якобы,0,0.003987805211719204
согласный,0,0.003987805211719204
перемена,0,0.003987805211719204
назреть,0,0.003987805211719204
действительно,0,0.003987805211719204
настать,0,0.003987805211719204
оценивать,0,0.007975610423438409
контент,0,0.003987805211719204
фас,0,0.027914636482034433
выработать,0,0.007975610423438409
подход,0,0.011963415635157614
рассмотрение,0,0.011963415635157614
антиконкурентный,0,0.011963415635157614
поведение,0,0.019939026058596022
ведомство,0,0.015951220846876817
пол,0,0.007975610423438409
зрение,0,0.007975610423438409
частый,0,0.011963415635157614
случай,0,0.027914636482034433
недобросовестный,0,0.011963415635157614
электронный,0,0.015951220846876817
информационный,0,0.019939026058596022
зачастую,0,0.007975610423438409
аналог,0,0.007975610423438409
прошлый,0,0.007975610423438409
федеральный,0,0.003987805211719204
антимонопольный,0,0.007975610423438409
служба,0,0.007975610423438409
считать,0,0.011963415635157614
дело,0,0.011963415635157614
конкуренция,0,0.015951220846876817
итог,0,0.007975610423438409
заседание,0,0.007975610423438409
методический,0,0.007975610423438409
учёт,0,0.003987805211719204
больший,0,0.007975610423438409
объём,0,0.011963415635157614
экономика,0,0.003987805211719204
связь,0,0.019939026058596022
орган,0,0.003987805211719204
вырабатывать,0,0.003987805211719204
рынок,0,0.039878052117192045
конкурент,0,0.003987805211719204
создавать,0,0.011963415635157614
действие,0,0.007975610423438409
говориться,0,0.007975610423438409
сообщение,0,0.023926831270315228
замглавы,0,0.011963415635157614
андрей,0,0.011963415635157614
кашевар,0,0.003987805211719204
чей,0,0.003987805211719204
приводиться,0,0.003987805211719204
заявление,0,0.007975610423438409
агрегатор,0,0.003987805211719204
такси,0,0.019939026058596022
препятствовать,0,0.003987805211719204
правильный,0,0.003987805211719204
ограничивать,0,0.007975610423438409
возможность,0,0.015951220846876817
выбор,0,0.007975610423438409
водитель,0,0.015951220846876817
речь,0,0.003987805211719204
невозможность,0,0.003987805211719204
одновременный,0,0.003987805211719204
осуществлять,0,0.003987805211719204
приём,0,0.003987805211719204
заказ,0,0.007975610423438409
принудительный,0,0.003987805211719204
блокировка,0,0.003987805211719204
содержимый,0,0.003987805211719204
признак,0,0.003987805211719204
очередь,0,0.007975610423438409
голомолзин,0,0.003987805211719204
цель,0,0.007975610423438409
борьба,0,0.003987805211719204
накануне,0,0.003987805211719204
возбудить,0,0.003987805211719204
отношение,0,0.003987805211719204
headhunter,0,0.003987805211719204
superjob,0,0.003987805211719204
rabota.ru,0,0.003987805211719204
программный,0,0.015951220846876817
обеспечение,0,0.003987805211719204
автоматизированный,0,0.003987805211719204
персонал,0,0.003987805211719204
голомолзина,0,0.003987805211719204
сторонник,0,0.003987805211719204
потребитель,0,0.003987805211719204
препятствие,0,0.003987805211719204
появление,0,0.007975610423438409
обращать,0,0.003987805211719204
кейс,0,0.003987805211719204
причём,0,0.003987805211719204
каждый,0,0.011963415635157614
разом,0,0.003987805211719204
сложный,0,0.003987805211719204
изощрённый,0,0.003987805211719204
быстро,0,0.003987805211719204
меняться,0,0.003987805211719204
действительность,0,0.003987805211719204
подпадать,0,0.003987805211719204
соответствующий,0,0.003987805211719204
нормативный,0,0.003987805211719204
регулирование,0,0.003987805211719204
благодаря,0,0.011963415635157614
детальный,0,0.003987805211719204
плодотворный,0,0.003987805211719204
обсуждение,0,0.003987805211719204
уверенный,0,0.003987805211719204
найтись,0,0.003987805211719204
подвести,0,0.003987805211719204
цыганов,0,0.003987805211719204
life,0,0.003987805211719204
пять,0,0.007975610423438409
пугать,0,0.003987805211719204
нести,0,0.003987805211719204
опасность,0,0.003987805211719204
строчка,0,0.003987805211719204
распознавание,0,0.003987805211719204
вышеуказанный,0,0.007975610423438409
издание,0,0.007975610423438409
отмечать,0,0.011963415635157614
отслеживание,0,0.003987805211719204
поимка,0,0.003987805211719204
преступник,0,0.003987805211719204
человек,0,0.015951220846876817
лишаться,0,0.003987805211719204
пространство,0,0.011963415635157614
шаг,0,0.003987805211719204
заранее,0,0.003987805211719204
активный,0,0.003987805211719204
google,0,0.027914636482034433
уметь,0,0.003987805211719204
дополнять,0,0.003987805211719204
поисковый,0,0.003987805211719204
запрос,0,0.003987805211719204
uber,0,0.003987805211719204
строить,0,0.003987805211719204
маршрут,0,0.007975610423438409
автор,0,0.011963415635157614
опасаться,0,0.003987805211719204
понимать,0,0.007975610423438409
какой,0,0.007975610423438409
помимо,0,0.003987805211719204
посоветовать,0,0.003987805211719204
остерегаться,0,0.003987805211719204
последний,0,0.015951220846876817
например,0,0.007975610423438409
duplex,0,0.003987805211719204
забронировать,0,0.003987805211719204
номер,0,0.003987805211719204
самостоятельно,0,0.003987805211719204
купить,0,0.015951220846876817
билет,0,0.003987805211719204
кино,0,0.003987805211719204
противоречие,0,0.003987805211719204
связанный,0,0.003987805211719204
редактирование,0,0.003987805211719204
днк,0,0.007975610423438409
инициатива,0,0.003987805211719204
учёный,0,0.003987805211719204
китай,0,0.003987805211719204
применить,0,0.007975610423438409
выработка,0,0.003987805211719204
иммунитет,0,0.003987805211719204
спид,0,0.003987805211719204
заключение,0,0.003987805211719204
amazon,0,0.007975610423438409
запатентовать,0,0.003987805211719204
браслет,0,0.003987805211719204
тактильный,0,0.003987805211719204
обратный,0,0.003987805211719204
свидетельствовать,0,0.003987805211719204
слежка,0,0.003987805211719204
выходить,0,0.003987805211719204
уровень,0,0.011963415635157614
подчёркивать,0,0.003987805211719204
автограф,0,0.015951220846876817
интегрировать,0,0.003987805211719204
trucks,0,0.023926831270315228
предназначить,0,0.003987805211719204
распределение,0,0.003987805211719204
груз,0,0.007975610423438409
моделирование,0,0.003987805211719204
логистический,0,0.003987805211719204
особенность,0,0.007975610423438409
заключаться,0,0.007975610423438409
адаптивный,0,0.003987805211719204
планирование,0,0.003987805211719204
ресурс,0,0.007975610423438409
компания-перевозчик,0,0.003987805211719204
соблюдать,0,0.003987805211719204
срок,0,0.007975610423438409
оптимально,0,0.003987805211719204
распределять,0,0.003987805211719204
загрузка,0,0.003987805211719204
минимизировать,0,0.003987805211719204
пробег,0,0.007975610423438409
повышать,0,0.007975610423438409
прибыль,0,0.003987805211719204
мониторинг,0,0.023926831270315228
транспорт,0,0.023926831270315228
служить,0,0.003987805211719204
основный,0,0.007975610423438409
источник,0,0.019939026058596022
транспортный,0,0.003987805211719204
разработчик,0,0.007975610423438409
комплекс,0,0.003987805211719204
предъявлять,0,0.003987805211719204
жёсткий,0,0.003987805211719204
требование,0,0.007975610423438409
надёжность,0,0.003987805211719204
телематический,0,0.007975610423438409
оборудование,0,0.011963415635157614
бортовый,0,0.003987805211719204
контроллер,0,0.003987805211719204
полностью,0,0.007975610423438409
отвечать,0,0.003987805211719204
модуль,0,0.003987805211719204
интеграция,0,0.003987805211719204
успешно,0,0.003987805211719204
глонасс/gps-контроль,0,0.003987805211719204
основа,0,0.007975610423438409
спутниковый,0,0.003987805211719204
поступать,0,0.003987805211719204
фактический,0,0.007975610423438409
местоположение,0,0.003987805211719204
объект,0,0.027914636482034433
отображение,0,0.003987805211719204
карта,0,0.003987805211719204
определять,0,0.003987805211719204
операция,0,0.003987805211719204
просматривать,0,0.003987805211719204
передвижение,0,0.003987805211719204
промежуток,0,0.003987805211719204
состояние,0,0.007975610423438409
погрузка,0,0.003987805211719204
транспортировка,0,0.003987805211719204
разгрузка,0,0.003987805211719204
т.д,0,0.007975610423438409
оперативный,0,0.011963415635157614
уведомление,0,0.003987805211719204
отклонение,0,0.003987805211719204
запланировать,0,0.003987805211719204
событие,0,0.007975610423438409
качественный,0,0.003987805211719204
марка,0,0.003987805211719204
руководитель,0,0.003987805211719204
диспетчер,0,0.003987805211719204
точный,0,0.003987805211719204
инструмент,0,0.003987805211719204
снижать,0,0.007975610423438409
транспортно-логистический,0,0.003987805211719204
затрата,0,0.003987805211719204
oneplus,0,0.015951220846876817
производство,0,0.011963415635157614
старт,0,0.011963415635157614
продажа,0,0.039878052117192045
обещать,0,0.003987805211719204
миллион,0,0.007975610423438409
смартфон,0,0.047853662540630455
недостаток,0,0.003987805211719204
xiaomi,0,0.019939026058596022
mi,0,0.023926831270315228
повториться,0,0.007975610423438409
предшественник,0,0.003987805211719204
обеспечить,0,0.007975610423438409
идеальный,0,0.003987805211719204
баланс,0,0.003987805211719204
цена,0,0.027914636482034433
характеристика,0,0.019939026058596022
рассчитывать,0,0.003987805211719204
создать,0,0.007975610423438409
достаточный,0,0.003987805211719204
складской,0,0.011963415635157614
запас,0,0.011963415635157614
глава,0,0.015951220846876817
лю,0,0.003987805211719204
цзоха,0,0.003987805211719204
liu,0,0.003987805211719204
zuohu,0,0.003987805211719204
приступить,0,0.003987805211719204
свыше,0,0.003987805211719204
штука,0,0.003987805211719204
спрос,0,0.011963415635157614
удовлетворить,0,0.003987805211719204
желать,0,0.003987805211719204
гарантированно,0,0.003987805211719204
рубрика,0,0.003987805211719204
hardware,0,0.003987805211719204
робот,0,0.031902441693753635
кузнецов,0,0.003987805211719204
прочитать,0,0.003987805211719204
голос,0,0.003987805211719204
средний,0,0.003987805211719204
марк,0,0.007975610423438409
рейберт,0,0.011963415635157614
финальный,0,0.003987805211719204
версия,0,0.003987805211719204
четвероногий,0,0.003987805211719204
spotmini,0,0.019939026058596022
коммерческий,0,0.011963415635157614
лето,0,0.007975610423438409
boston,0,0.007975610423438409
dynamics,0,0.007975610423438409
серийный,0,0.003987805211719204
робопёс,0,0.007975610423438409
июль,0,0.003987805211719204
август,0,0.003987805211719204
намерить,0,0.007975610423438409
около,0,0.011963415635157614
сотня,0,0.003987805211719204
сходить,0,0.003987805211719204
сборочный,0,0.003987805211719204
линия,0,0.003987805211719204
пока,0,0.023926831270315228
бета-версия,0,0.003987805211719204
тестирование,0,0.003987805211719204
инженер,0,0.003987805211719204
постоянно,0,0.007975610423438409
вносить,0,0.003987805211719204
поправка,0,0.003987805211719204
заработать,0,0.003987805211719204
успех,0,0.003987805211719204
маска,0,0.003987805211719204
безоса,0,0.003987805211719204
встречать,0,0.003987805211719204
рассылка,0,0.003987805211719204
money+,0,0.003987805211719204
создатель,0,0.003987805211719204
утверждать,0,0.003987805211719204
надёжный,0,0.003987805211719204
корпус,0,0.007975610423438409
защищать,0,0.003987805211719204
внутренний,0,0.003987805211719204
деталь,0,0.003987805211719204
падение,0,0.003987805211719204
камера,0,0.011963415635157614
обеспечивать,0,0.003987805211719204
круговой,0,0.003987805211719204
обзор,0,0.003987805211719204
продемонстрировать,0,0.003987805211719204
заставить,0,0.003987805211719204
тащить,0,0.003987805211719204
упряжка,0,0.003987805211719204
грузовик,0,0.003987805211719204
кроме,0,0.003987805211719204
часто,0,0.007975610423438409
ошибочно,0,0.003987805211719204
голова,0,0.003987805211719204
стабилизировать,0,0.003987805211719204
оставаться,0,0.007975610423438409
неподвижный,0,0.003987805211719204
двигаться,0,0.003987805211719204
обеспечиваться,0,0.007975610423438409
гибкость,0,0.003987805211719204
андроид,0,0.003987805211719204
среди,0,0.007975610423438409
быть,0,0.003987805211719204
писать,0,0.007975610423438409
techcrunch,0,0.003987805211719204
продвигать,0,0.003987805211719204
handle,0,0.003987805211719204
напоминать,0,0.003987805211719204
птица,0,0.003987805211719204
колесо,0,0.003987805211719204
коробка,0,0.003987805211719204
вес,0,0.003987805211719204
кг,0,0.003987805211719204
автономный,0,0.003987805211719204
тренд,0,0.007975610423438409
пригодиться,0,0.003987805211719204
травить,0,0.003987805211719204
яд,0,0.003987805211719204
сотрудник,0,0.003987805211719204
сша,0,0.007975610423438409
южный,0,0.003987805211719204
корея,0,0.003987805211719204
мобильный,0,0.015951220846876817
стабильность,0,0.003987805211719204
настоящий,0,0.007975610423438409
переложить,0,0.003987805211719204
ещё,0,0.007975610423438409
забота,0,0.003987805211719204
окончательно,0,0.003987805211719204
зависимый,0,0.003987805211719204
внезапно,0,0.003987805211719204
отключиться,0,0.003987805211719204
статистика,0,0.003987805211719204
подавлять,0,0.003987805211719204
большинство,0,0.003987805211719204
подключить,0,0.003987805211719204
сима-карта,0,0.003987805211719204
модем,0,0.019939026058596022
автомобиль,0,0.011963415635157614
протезы…,0,0.003987805211719204
согласно,0,0.003987805211719204
экспертный,0,0.003987805211719204
превзойти,0,0.003987805211719204
телефон,0,0.003987805211719204
пк,0,0.007975610423438409
несколько,0,0.007975610423438409
миллиард,0,0.003987805211719204
повсеместно,0,0.003987805211719204
инфраструктура,0,0.003987805211719204
смарта-девайс,0,0.003987805211719204
подконтрольный,0,0.003987805211719204
городской,0,0.007975610423438409
рухнуть,0,0.003987805211719204
отключение,0,0.003987805211719204
накрыть,0,0.003987805211719204
блэкаут,0,0.003987805211719204
масштаб,0,0.003987805211719204
катастрофа,0,0.003987805211719204
дания,0,0.003987805211719204
следить,0,0.003987805211719204
содержание,0,0.023926831270315228
сера,0,0.019939026058596022
выхлопной,0,0.019939026058596022
газ,0,0.019939026058596022
судно,0,0.015951220846876817
бельт,0,0.007975610423438409
беспилотный,0,0.031902441693753635
летательный,0,0.011963415635157614
аппарат,0,0.011963415635157614
dronedj,0,0.003987805211719204
ссылка,0,0.003987805211719204
европейский,0,0.007975610423438409
агентство,0,0.003987805211719204
морской,0,0.003987805211719204
безопасность,0,0.003987805211719204
emsa,0,0.003987805211719204
газа,0,0.003987805211719204
корабль,0,0.003987805211719204
крупный,0,0.007975610423438409
выброс,0,0.011963415635157614
атмосфера,0,0.003987805211719204
широко,0,0.003987805211719204
guardian,0,0.003987805211719204
сопоставимый,0,0.003987805211719204
мазут,0,0.003987805211719204
использоваться,0,0.011963415635157614
топливо,0,0.007975610423438409
порядок,0,0.007975610423438409
выше,0,0.003987805211719204
дизельный,0,0.003987805211719204
контроль,0,0.003987805211719204
пролив,0,0.003987805211719204
датчанин,0,0.003987805211719204
решить,0,0.003987805211719204
установленный,0,0.003987805211719204
дрон,0,0.007975610423438409
суд,0,0.003987805211719204
расстояние,0,0.003987805211719204
метр,0,0.003987805211719204
видеопоток,0,0.007975610423438409
подробность,0,0.007975610423438409
судный,0,0.003987805211719204
беспилотник,0,0.027914636482034433
нижний,0,0.003987805211719204
часть,0,0.003987805211719204
видный,0,0.003987805211719204
установить,0,0.003987805211719204
skeldar,0,0.003987805211719204
v-200,0,0.007975610423438409
saab,0,0.003987805211719204
четырёхметровый,0,0.003987805211719204
максимальный,0,0.011963415635157614
взлётный,0,0.003987805211719204
масса,0,0.007975610423438409
килограмм,0,0.007975610423438409
брать,0,0.003987805211719204
борт,0,0.003987805211719204
шесть,0,0.007975610423438409
часы,0,0.003987805211719204
километр,0,0.003987805211719204
химик,0,0.003987805211719204
гибридный,0,0.003987805211719204
катализатор,0,0.003987805211719204
окисление,0,0.003987805211719204
угарный,0,0.003987805211719204
состоять,0,0.003987805211719204
гексагональный,0,0.003987805211719204
нитрид,0,0.003987805211719204
бор,0,0.003987805211719204
серебряный,0,0.003987805211719204
наночастица,0,0.003987805211719204
материал,0,0.003987805211719204
добиться,0,0.003987805211719204
полный,0,0.003987805211719204
конверсия,0,0.003987805211719204
монооксид,0,0.003987805211719204
углерод,0,0.003987805211719204
градус,0,0.003987805211719204
цельсий,0,0.003987805211719204
brand,0,0.019939026058596022
analytics,0,0.019939026058596022
сколково,0,0.007975610423438409
палитрумлабнуть,0,0.003987805211719204
внедрить,0,0.003987805211719204
аналитический,0,0.003987805211719204
автоматический,0,0.011963415635157614
выявление,0,0.011963415635157614
агрессия,0,0.06380488338750727
медиа,0,0.003987805211719204
разработка,0,0.003987805211719204
применяться,0,0.003987805211719204
ранний,0,0.011963415635157614
обнаружение,0,0.007975610423438409
очаг,0,0.007975610423438409
напряжение,0,0.003987805211719204
инфополе,0,0.007975610423438409
вокруг,0,0.011963415635157614
бренд,0,0.015951220846876817
регион,0,0.003987805211719204
тематика,0,0.003987805211719204
персона,0,0.003987805211719204
выявлять,0,0.015951220846876817
направленность,0,0.007975610423438409
кибербуллинг,0,0.007975610423438409
процветать,0,0.003987805211719204
раздражать,0,0.003987805211719204
нетабуировать,0,0.003987805211719204
интернет-травля,0,0.003987805211719204
настигать,0,0.003987805211719204
отдельный,0,0.003987805211719204
целый,0,0.003987805211719204
корпорация,0,0.003987805211719204
ущерб,0,0.007975610423438409
измеряться,0,0.003987805211719204
миллионный,0,0.003987805211719204
убыток,0,0.003987805211719204
пониматься,0,0.003987805211719204
направить,0,0.007975610423438409
воздействие,0,0.003987805211719204
нанести,0,0.003987805211719204
снижение,0,0.011963415635157614
субъект,0,0.003987805211719204
общепринятый,0,0.003987805211719204
классификация,0,0.003987805211719204
относить,0,0.003987805211719204
харасмент,0,0.003987805211719204
расизм,0,0.003987805211719204
сексизм,0,0.003987805211719204
троллинг,0,0.003987805211719204
запугивание,0,0.003987805211719204
частный,0,0.003987805211719204
защита,0,0.003987805211719204
виртуальный,0,0.003987805211719204
тролль,0,0.003987805211719204
соблюдение,0,0.003987805211719204
несложный,0,0.003987805211719204
правило,0,0.003987805211719204
гигиена,0,0.003987805211719204
обойтись,0,0.003987805211719204
сигнальный,0,0.003987805211719204
вовремя,0,0.003987805211719204
напряжённость,0,0.003987805211719204
русскоязычный,0,0.003987805211719204
соцмедиа,0,0.007975610423438409
компания-разработчик,0,0.003987805211719204
уникальный,0,0.003987805211719204
выявить,0,0.007975610423438409
угроза,0,0.003987805211719204
определить,0,0.007975610423438409
тип,0,0.007975610423438409
интенсивность,0,0.003987805211719204
практический,0,0.003987805211719204
начальный,0,0.003987805211719204
инвективный,0,0.003987805211719204
мотив,0,0.003987805211719204
общение,0,0.003987805211719204
клиентский,0,0.003987805211719204
весьма,0,0.003987805211719204
актуально,0,0.003987805211719204
розничный,0,0.003987805211719204
обнаруживать,0,0.007975610423438409
opinion,0,0.003987805211719204
реакция,0,0.003987805211719204
агрессивный,0,0.019939026058596022
возмущение,0,0.003987805211719204
trolling,0,0.003987805211719204
номинация,0,0.003987805211719204
намерение,0,0.003987805211719204
пожелание,0,0.003987805211719204
call,0,0.003987805211719204
призыв,0,0.003987805211719204
обнаружить,0,0.003987805211719204
наталья,0,0.003987805211719204
соколов,0,0.003987805211719204
интеллектуальный,0,0.003987805211719204
анализ,0,0.007975610423438409
естественный,0,0.003987805211719204
text,0,0.003987805211719204
mining,0,0.003987805211719204
ключевой,0,0.007975610423438409
big,0,0.003987805211719204
data,0,0.003987805211719204
смысл,0,0.003987805211719204
происходить,0,0.003987805211719204
эмотивный,0,0.003987805211719204
текст,0,0.003987805211719204
маркер,0,0.003987805211719204
социально-общественный,0,0.003987805211719204
деятельность,0,0.003987805211719204
давать,0,0.007975610423438409
проблемный,0,0.003987805211719204
зона,0,0.003987805211719204
предотвращать,0,0.003987805211719204
отрицательный,0,0.003987805211719204
последствие,0,0.003987805211719204
светлана,0,0.003987805211719204
подгорный,0,0.003987805211719204
советник,0,0.003987805211719204
антикризисный,0,0.003987805211719204
rights,0,0.003987805211719204
business,0,0.003987805211719204
standard,0,0.003987805211719204
фильтр,0,0.003987805211719204
указывать,0,0.007975610423438409
готовность,0,0.003987805211719204
офлайн-активность,0,0.003987805211719204
вербальный,0,0.003987805211719204
обычно,0,0.003987805211719204
заметно,0,0.003987805211719204
повышаться,0,0.003987805211719204
митинг,0,0.003987805211719204
повышение,0,0.003987805211719204
относительный,0,0.003987805211719204
формирование,0,0.003987805211719204
волна,0,0.003987805211719204
разрядить,0,0.003987805211719204
сформировать,0,0.003987805211719204
семантический,0,0.003987805211719204
ядро,0,0.007975610423438409
допустить,0,0.003987805211719204
видеть,0,0.003987805211719204
всплеск,0,0.007975610423438409
упоминаемость,0,0.003987805211719204
сходу,0,0.003987805211719204
взгляд,0,0.003987805211719204
разрознить,0,0.003987805211719204
частотка,0,0.003987805211719204
заметный,0,0.003987805211719204
массив,0,0.007975610423438409
репост,0,0.003987805211719204
дубль,0,0.003987805211719204
фильтрация,0,0.003987805211719204
сузить,0,0.003987805211719204
необходимость,0,0.003987805211719204
пристальный,0,0.003987805211719204
изучение,0,0.003987805211719204
обработка,0,0.003987805211719204
негативный,0,0.003987805211719204
резонансный,0,0.003987805211719204
беспроводный,0,0.011963415635157614
утюг,0,0.019939026058596022
cordless,0,0.015951220846876817
steam,0,0.015951220846876817
iron,0,0.015951220846876817
неизвестно,0,0.003987805211719204
поступить,0,0.007975610423438409
ассортимент,0,0.003987805211719204
пополниться,0,0.003987805211719204
функция,0,0.007975610423438409
отпаривания,0,0.007975610423438409
передовой,0,0.003987805211719204
громкий,0,0.003987805211719204
функциональность,0,0.003987805211719204
невысокий,0,0.003987805211719204
потреблять,0,0.003987805211719204
достигать,0,0.007975610423438409
вт  ,0,0.003987805211719204
немой,0,0.003987805211719204
друг,0,0.003987805211719204
иметься,0,0.003987805211719204
предусмотреть,0,0.003987805211719204
резервуар,0,0.003987805211719204
мл,0,0.003987805211719204
вода,0,0.003987805211719204
фиксироваться,0,0.003987805211719204
зарядный,0,0.007975610423438409
станция,0,0.003987805211719204
механический,0,0.003987805211719204
замок,0,0.003987805211719204
разблокировать,0,0.003987805211719204
кнопка,0,0.003987805211719204
отсоединение,0,0.003987805211719204
нагрев,0,0.007975610423438409
течение,0,0.007975610423438409
конструкция,0,0.003987805211719204
алюминиевый,0,0.003987805211719204
сплав,0,0.003987805211719204
керамика,0,0.003987805211719204
увы,0,0.007975610423438409
магазин,0,0.015951220846876817
apple,0,0.023926831270315228
монитор,0,0.031902441693753635
ultrafine,0,0.019939026058596022
исчезнуть,0,0.007975610423438409
прекратить,0,0.003987805211719204
наиболее,0,0.003987805211719204
подходящий,0,0.003987805211719204
mac,0,0.003987805211719204
учитывать,0,0.003987805211719204
продавать,0,0.003987805211719204
купертинец,0,0.003987805211719204
доступный,0,0.003987805211719204
display,0,0.003987805211719204
доллар,0,0.027914636482034433
исчезновение,0,0.003987805211719204
сторонний,0,0.003987805211719204
продавец,0,0.003987805211719204
вероятный,0,0.007975610423438409
расчищать,0,0.003987805211719204
правда,0,0.007975610423438409
конкурировать,0,0.003987805211719204
власть,0,0.007975610423438409
яндекс,0,0.019939026058596022
пообещать,0,0.007975610423438409
запуск,0,0.007975610423438409
роботизированный,0,0.003987805211719204
страничка,0,0.003987805211719204
заметка,0,0.003987805211719204
отмечаться,0,0.003987805211719204
протестировать,0,0.003987805211719204
лас-вегас,0,0.003987805211719204
иннополис,0,0.003987805211719204
тест,0,0.003987805211719204
израиль,0,0.003987805211719204
прошедшее,0,0.003987805211719204
международный,0,0.003987805211719204
саммит,0,0.003987805211719204
лидер,0,0.003987805211719204
операционный,0,0.007975610423438409
грег,0,0.003987805211719204
абовский,0,0.007975610423438409
снизить,0,0.011963415635157614
загруженность,0,0.007975610423438409
улица,0,0.007975610423438409
развивать,0,0.003987805211719204
уверить,0,0.007975610423438409
сегодняшний,0,0.003987805211719204
три-четыре,0,0.003987805211719204
будущий,0,0.003987805211719204
дтп,0,0.003987805211719204
затор,0,0.003987805211719204
аварийность,0,0.003987805211719204
соответственно,0,0.007975610423438409
сократиться,0,0.003987805211719204
скидка,0,0.007975610423438409
предлагать,0,0.003987805211719204
pixel,0,0.043865857328911254
xl,0,0.019939026058596022
смешной,0,0.003987805211719204
европа,0,0.003987805211719204
подешеветь,0,0.007975610423438409
треть,0,0.003987805211719204
устроить,0,0.003987805211719204
аттракцион,0,0.003987805211719204
неслыханный,0,0.003987805211719204
щедрость,0,0.003987805211719204
ряд,0,0.003987805211719204
сильно,0,0.003987805211719204
интернет-магазин,0,0.003987805211719204
ак,0,0.003987805211719204
германия,0,0.003987805211719204
евро,0,0.003987805211719204
великобритания,0,0.003987805211719204
фунт,0,0.003987805211719204
стерлинг,0,0.003987805211719204
цент,0,0.003987805211719204
выпуск,0,0.011963415635157614
октябрь,0,0.003987805211719204
судить,0,0.003987805211719204
анонс,0,0.003987805211719204
распродавать,0,0.003987805211719204
прошлогодний,0,0.003987805211719204
флагман,0,0.007975610423438409
дебют,0,0.003987805211719204
ожидаться,0,0.011963415635157614
простой,0,0.003987805211719204
дешёвый,0,0.003987805211719204
оригинальный,0,0.003987805211719204
стартовый,0,0.003987805211719204
неожиданно,0,0.011963415635157614
qualcomm,0,0.015951220846876817
snapdragon,0,0.031902441693753635
soc,0,0.011963415635157614
однокристальный,0,0.003987805211719204
интересный,0,0.003987805211719204
почерпнуть,0,0.003987805211719204
перечень,0,0.003987805211719204
наличие,0,0.003987805211719204
таковой,0,0.003987805211719204
флагманский,0,0.007975610423438409
смена,0,0.003987805211719204
по-настоящему,0,0.003987805211719204
база,0,0.007975610423438409
во-первых,0,0.003987805211719204
cpu,0,0.003987805211719204
высокопроизводительный,0,0.003987805211719204
kryo,0,0.007975610423438409
разный,0,0.003987805211719204
тактовый,0,0.003987805211719204
частота,0,0.027914636482034433
ггц,0,0.011963415635157614
энергоэффективный,0,0.003987805211719204
gpu,0,0.007975610423438409
adreno,0,0.007975610423438409
мгц,0,0.011963415635157614
практически,0,0.003987805211719204
сравнение,0,0.003987805211719204
нейронный,0,0.003987805211719204
процессор,0,0.003987805211719204
npu,0,0.003987805211719204
гб,0,0.003987805211719204
память,0,0.003987805211719204
lpddr4x,0,0.003987805211719204
дисплей,0,0.003987805211719204
разрешение,0,0.003987805211719204
х,0,0.003987805211719204
пиксель,0,0.003987805211719204
hdr10,0,0.003987805211719204
аппаратный,0,0.003987805211719204
декодирование,0,0.003987805211719204
к/с,0,0.003987805211719204
производиться,0,0.003987805211719204
норма,0,0.003987805211719204
нм,0,0.003987805211719204
вряд,0,0.003987805211719204
квартал,0,0.003987805211719204
недавно,0,0.003987805211719204
sanpdragon,0,0.003987805211719204
логично,0,0.003987805211719204
весна,0,0.003987805211719204
asus,0,0.019939026058596022
android-планшет,0,0.015951220846876817
неожиданный,0,0.007975610423438409
ход,0,0.003987805211719204
популярность,0,0.007975610423438409
особенно,0,0.003987805211719204
этот,0,0.007975610423438409
cnbeta,0,0.003987805211719204
уход,0,0.003987805211719204
сведение,0,0.003987805211719204
поставлять,0,0.003987805211719204
комплектовать,0,0.003987805211719204
следовательно,0,0.003987805211719204
zenpad,0,0.003987805211719204
планшет,0,0.011963415635157614
вполне,0,0.003987805211719204
закономерный,0,0.003987805211719204
расти,0,0.003987805211719204
выпускаться,0,0.003987805211719204
остальной,0,0.003987805211719204
планомерно,0,0.003987805211719204
показатель,0,0.003987805211719204
реализация,0,0.003987805211719204
стремительный,0,0.003987805211719204
увеличение,0,0.003987805211719204
размер,0,0.003987805211719204
предложить,0,0.003987805211719204
покупатель,0,0.003987805211719204
диагональ,0,0.003987805211719204
экран,0,0.007975610423438409
производительность,0,0.003987805211719204
множество,0,0.003987805211719204
sony,0,0.003987805211719204
motorola,0,0.003987805211719204
acer,0,0.003987805211719204
пополнение,0,0.003987805211719204
складный,0,0.003987805211719204
сильный,0,0.003987805211719204
уменьшить,0,0.003987805211719204
