word,idf
сеть,2.5145731728297585
появиться,3.321928094887362
видео,3.321928094887362
празднование,5.321928094887363
игрок,2.5145731728297585
цска,3.736965594166206
кубок,3.736965594166206
гагарин,3.736965594166206
московский,3.736965594166206
отпраздновать,5.321928094887363
победа,2.5145731728297585
финал,3.736965594166206
плей-офф,2.736965594166206
континентальный,3.321928094887362
хоккейный,2.736965594166206
лига,2.5145731728297585
кхл,3.321928094887362
против,2.736965594166206
омский,3.736965594166206
авангард,3.321928094887362
передавать,3.0
спорт-экспресс,5.321928094887363
опубликовать,3.736965594166206
армеец,4.321928094887363
радоваться,5.321928094887363
завоевание,5.321928094887363
первый,1.7369655941662063
история,2.736965594166206
свой,1.5145731728297582
клуб,2.321928094887362
хоккеист,3.321928094887362
расплёскивать,5.321928094887363
шампанский,5.321928094887363
раздевалка,5.321928094887363
веселиться,5.321928094887363
четвёртый,3.0
матч,1.862496476250065
завершиться,3.321928094887362
овертайм,3.736965594166206
счёт,2.15200309344505
столичный,4.321928094887363
команда,1.6214883767462702
одолеть,4.321928094887363
соперник,2.736965594166206
четыре,3.0
игра,2.5145731728297585
серия,3.321928094887362
ранее,2.15200309344505
национальный,3.0
нхл,2.736965594166206
миннесота,5.321928094887363
уайлд,5.321928094887363
поздравить,5.321928094887363
нападать,2.5145731728297585
кирилл,5.321928094887363
капризов,5.321928094887363
орландо,5.321928094887363
проиграть,4.321928094887363
торонто,5.321928094887363
пустить,5.321928094887363
вперёд,5.321928094887363
пройти,2.736965594166206
апрель,2.15200309344505
мэджик,5.321928094887363
площадка,4.321928094887363
принимать,3.321928094887362
рэпторс,5.321928094887363
рамка,3.736965594166206
третий,3.0
четвертьфинальный,5.321928094887363
стадия,4.321928094887363
восточный,4.321928094887363
конференция,3.0
закончиться,5.321928094887363
гость,5.321928094887363
самый,3.321928094887362
результативный,4.321928094887363
стать,1.5145731728297582
паскаль,5.321928094887363
сиак,5.321928094887363
который,0.8624964762500651
набрать,4.321928094887363
очки,4.321928094887363
сделать,2.736965594166206
подбор,4.321928094887363
защитник,4.321928094887363
терренс,5.321928094887363
росс,5.321928094887363
балл,4.321928094887363
выйти,3.321928094887362
следующий,3.736965594166206
главный,2.736965594166206
тренер,2.736965594166206
анжи,5.321928094887363
магомед,5.321928094887363
адий,5.321928094887363
рассказать,2.5145731728297585
подготовка,5.321928094887363
тур,4.321928094887363
рпл,5.321928094887363
ахмат,5.321928094887363
волнительный,5.321928094887363
сторона,3.321928094887362
настроение,5.321928094887363
плохой,4.321928094887363
наш,3.321928094887362
ситуация,3.736965594166206
единственный,5.321928094887363
большой,3.0
плюс,5.321928094887363
поэтому,4.321928094887363
любой,3.0
готовиться,4.321928094887363
хороший,2.5145731728297585
сказать,2.5145731728297585
эфир,5.321928094887363
телеканал,5.321928094887363
тв,5.321928094887363
состояться,3.736965594166206
начало,3.736965594166206
мск,5.321928094887363
олимпийский,4.321928094887363
чемпионка,5.321928094887363
алина,5.321928094887363
загитов,5.321928094887363
придавать,5.321928094887363
мотивация,5.321928094887363
тренировка,5.321928094887363
выступление,3.736965594166206
спортсменка,5.321928094887363
признаться,5.321928094887363
представлять,3.736965594166206
жизнь,3.736965594166206
фигурный,4.321928094887363
катание,4.321928094887363
получать,4.321928094887363
внимание,4.321928094887363
олимпиаде-2018,5.321928094887363
отметить,2.321928094887362
слово,2.5145731728297585
приводить,4.321928094887363
японский,5.321928094887363
сайт,3.0
number,5.321928094887363
web,5.321928094887363
фигуристка,5.321928094887363
добавить,4.321928094887363
сам,4.321928094887363
измениться,5.321928094887363
остаться,3.321928094887362
прежде,4.321928094887363
мечта,5.321928094887363
очень,3.0
важный,3.321928094887362
осознание,5.321928094887363
мой,5.321928094887363
помогать,4.321928094887363
пояснить,5.321928094887363
неудача,5.321928094887363
именно,4.321928094887363
мысль,5.321928094887363
позволять,3.321928094887362
о,5.321928094887363
весь,2.5145731728297585
забыть,4.321928094887363
продолжать,5.321928094887363
работать,4.321928094887363
хотеть,3.321928094887362
далёкий,5.321928094887363
кататься,5.321928094887363
ошибка,4.321928094887363
это,1.4150374992788437
сезон,3.0
близкий,2.736965594166206
чемпионат,2.321928094887362
франция,5.321928094887363
псж,4.321928094887363
сыграть,3.736965594166206
монако,5.321928094887363
специальный,5.321928094887363
футболка,5.321928094887363
изображение,5.321928094887363
собор,5.321928094887363
парижский,5.321928094887363
богоматерь,5.321928094887363
сообщаться,2.321928094887362
намеренный,4.321928094887363
собрать,5.321928094887363
средство,4.321928094887363
восстановление,5.321928094887363
серьёзно,5.321928094887363
пострадать,5.321928094887363
пожар,5.321928094887363
досрочный,5.321928094887363
оформление,5.321928094887363
чемпионский,5.321928094887363
титул,5.321928094887363
достаточно,5.321928094887363
вничью,5.321928094887363
встреча,3.0
начаться,3.736965594166206
штырковы,5.321928094887363
попасть,4.321928094887363
больница,5.321928094887363
день,3.321928094887362
ufc,5.321928094887363
питер,5.321928094887363
бой,5.321928094887363
отменный,5.321928094887363
американский,5.321928094887363
боец,5.321928094887363
дэвино,5.321928094887363
кларк,5.321928094887363
сообщить,3.0
россиянин,3.0
иван,5.321928094887363
штырков,5.321928094887363
поединок,5.321928094887363
должный,2.321928094887362
турнир,3.736965594166206
санкт-петербург,4.321928094887363
поблагодарить,5.321928094887363
поддержка,4.321928094887363
сожаление,5.321928094887363
россия,2.15200309344505
заболеть,5.321928094887363
находиться,3.321928094887362
спасибо,5.321928094887363
многое,5.321928094887363
значит,5.321928094887363
инстаграм,5.321928094887363
медведев,5.321928094887363
впервые,3.736965594166206
обыграть,5.321928094887363
джокович,5.321928094887363
российский,4.321928094887363
теннисист,5.321928094887363
даниил,5.321928094887363
победить,4.321928094887363
серб,5.321928094887363
новак,5.321928094887363
четвертьфинал,3.736965594166206
atp,5.321928094887363
монте-карло,5.321928094887363
продолжаться,5.321928094887363
час,4.321928094887363
минута,3.736965594166206
эйс,5.321928094887363
два,3.736965594166206
двойной,5.321928094887363
ракетка,5.321928094887363
мир,2.5145731728297585
карьера,4.321928094887363
предыдущий,5.321928094887363
заканчиваться,5.321928094887363
польза,4.321928094887363
сербский,5.321928094887363
сербия,5.321928094887363
полуфинал,4.321928094887363
встретиться,5.321928094887363
другой,2.5145731728297585
душан,5.321928094887363
лайович,5.321928094887363
рейтинг,4.321928094887363
синхронистка,5.321928094887363
рф,5.321928094887363
выиграть,5.321928094887363
технический,4.321928094887363
программа,3.736965594166206
этап,4.321928094887363
мировой,4.321928094887363
вчера,4.321928094887363
казань,5.321928094887363
апр,5.321928094887363
риа,5.321928094887363
новость,4.321928094887363
сборная,3.736965594166206
командный,5.321928094887363
соревнование,5.321928094887363
синхронный,5.321928094887363
плавание,5.321928094887363
проходить,4.321928094887363
совместить,5.321928094887363
россиянка,5.321928094887363
получить,3.0
оценка,4.321928094887363
второй,3.736965594166206
место,2.321928094887362
занять,3.321928094887362
белоруссия,4.321928094887363
венгрия,5.321928094887363
москва,3.321928094887362
пресс-атташе,5.321928094887363
федерация,4.321928094887363
ффккр,5.321928094887363
ольга,5.321928094887363
ермолин,5.321928094887363
осудить,4.321928094887363
известный,3.321928094887362
журналистка,5.321928094887363
елена,5.321928094887363
вайцеховский,5.321928094887363
критика,5.321928094887363
метод,3.321928094887362
работа,2.0
этери,5.321928094887363
тутберидзе,5.321928094887363
подчеркнуть,4.321928094887363
высказывать,5.321928094887363
лишь,3.321928094887362
собственный,4.321928094887363
позиция,5.321928094887363
говорить,3.736965594166206
имя,4.321928094887363
реально,5.321928094887363
смешно,5.321928094887363
читать,5.321928094887363
очередной,4.321928094887363
опус,5.321928094887363
госпожа,5.321928094887363
выпад,5.321928094887363
адрес,5.321928094887363
написать,4.321928094887363
страница,5.321928094887363
facebook,5.321928094887363
её,4.321928094887363
мнение,4.321928094887363
журналист,2.5145731728297585
объективный,4.321928094887363
специалист,3.736965594166206
убедить,5.321928094887363
игнорировать,5.321928094887363
факт,4.321928094887363
делать,4.321928094887363
умозаключение,5.321928094887363
исходить,5.321928094887363
личный,4.321928094887363
симпатия,5.321928094887363
антипатия,5.321928094887363
сегодня,2.736965594166206
статья,3.736965594166206
касаться,4.321928094887363
ученик,5.321928094887363
писаться,5.321928094887363
примерно,5.321928094887363
схема,3.736965594166206
заявить,2.736965594166206
прогноз,4.321928094887363
иметь,3.0
общий,4.321928094887363
последующий,5.321928094887363
реальность,5.321928094887363
туринский,4.321928094887363
ювентус,4.321928094887363
криштиану,5.321928094887363
роналда,5.321928094887363
показать,5.321928094887363
странный,5.321928094887363
жест,5.321928094887363
голландский,5.321928094887363
аяксом,5.321928094887363
чемпион,3.736965594166206
сообщать,3.736965594166206
советский,4.321928094887363
спорт,4.321928094887363
уходить,4.321928094887363
поле,5.321928094887363
форвард,3.321928094887362
провести,3.321928094887362
рука,4.321928094887363
возле,5.321928094887363
пятый,5.321928094887363
точка,5.321928094887363
намекать,5.321928094887363
распространение,4.321928094887363
запах,5.321928094887363
пользователь,3.0
социальный,3.736965594166206
португальский,5.321928094887363
футболист,3.736965594166206
данный,3.321928094887362
поступок,5.321928094887363
поражение,5.321928094887363
старый,5.321928094887363
синьор,5.321928094887363
полузащитник,5.321928094887363
хедир,5.321928094887363
пропустить,5.321928094887363
остаток,5.321928094887363
из-за,3.0
травма,3.736965594166206
экс-полузащитник,5.321928094887363
тоттенхэма,4.321928094887363
англия,4.321928094887363
джермэйн,5.321928094887363
дженас,5.321928094887363
выразить,5.321928094887363
манчестер,3.736965594166206
юнайтед,3.736965594166206
поторопиться,5.321928094887363
назначить,4.321928094887363
оле-гуннар,5.321928094887363
сульшер,4.321928094887363
новый,1.4150374992788437
наставник,5.321928094887363
увольнение,5.321928094887363
жозе,5.321928094887363
моуриньо,5.321928094887363
решение,2.15200309344505
верный,5.321928094887363
чувствовать,5.321928094887363
принять,3.321928094887362
эмоция,3.736965594166206
хотя,5.321928094887363
продумать,5.321928094887363
логичный,5.321928094887363
долгосрочный,5.321928094887363
перспектива,5.321928094887363
один,2.0
вещь,3.321928094887362
уйти,3.321928094887362
перестать,3.321928094887362
всё,5.321928094887363
путём,5.321928094887363
мю,5.321928094887363
привыкнуть,5.321928094887363
по-другому,5.321928094887363
сэр,5.321928094887363
алекс,5.321928094887363
фергюсон,5.321928094887363
уникально,5.321928094887363
оказаться,3.736965594166206
трудно,5.321928094887363
воспроизвести,5.321928094887363
помощь,2.321928094887362
планета,5.321928094887363
гвардиол,5.321928094887363
прийти,3.736965594166206
сити,5.321928094887363
манчинить,5.321928094887363
пеллегринить,5.321928094887363
клоппа,5.321928094887363
ливерпуль,4.321928094887363
стиль,5.321928094887363
нужно,4.321928094887363
думать,5.321928094887363
искать,5.321928094887363
приблизиться,5.321928094887363
тот,3.0
необходимый,3.736965594166206
найти,3.321928094887362
индивидуальность,5.321928094887363
пытаться,4.321928094887363
решиться,5.321928094887363
ставить,4.321928094887363
знать,3.736965594166206
полагать,5.321928094887363
оля,5.321928094887363
эмоциональный,5.321928094887363
продать,5.321928094887363
ромела,5.321928094887363
лукака,5.321928094887363
информация,2.736965594166206
the,4.321928094887363
telegraph,5.321928094887363
красный,5.321928094887363
дьявол,5.321928094887363
уле,5.321928094887363
гуннар,5.321928094887363
кадровый,4.321928094887363
изменение,3.736965594166206
вероятность,5.321928094887363
бельгийский,5.321928094887363
покинуть,4.321928094887363
однако,3.736965594166206
руководство,4.321928094887363
ждать,2.736965594166206
достойный,5.321928094887363
предложение,5.321928094887363
сфера,3.736965594166206
интерес,3.321928094887362
такой,2.5145731728297585
миланский,4.321928094887363
интер,4.321928094887363
французский,5.321928094887363
мюнхенский,5.321928094887363
бавария,5.321928094887363
агент,4.321928094887363
спортсмен,5.321928094887363
предпочесть,5.321928094887363
италия,3.736965594166206
вратарь,4.321928094887363
извиниться,5.321928094887363
гол,4.321928094887363
месси,4.321928094887363
хоккей,4.321928094887363
фхб,5.321928094887363
рассматривать,5.321928094887363
повестка,5.321928094887363
вопрос,3.321928094887362
отзыв,5.321928094887363
минский,5.321928094887363
динамо,5.321928094887363
состав,3.736965594166206
сей,4.321928094887363
пора,4.321928094887363
значиться,5.321928094887363
момент,3.321928094887362
тасс,5.321928094887363
пресс-служба,5.321928094887363
сезоне-2018/19,5.321928094887363
предпоследний,5.321928094887363
одиннадцатый,5.321928094887363
турнирный,5.321928094887363
таблица,5.321928094887363
западный,5.321928094887363
президент,4.321928094887363
александр,4.321928094887363
лукашенко,5.321928094887363
послание,5.321928094887363
народ,5.321928094887363
собрание,5.321928094887363
коснуться,5.321928094887363
поддержать,3.736965594166206
бомбардир,4.321928094887363
илья,5.321928094887363
михеев,5.321928094887363
захотеть,5.321928094887363
отправиться,4.321928094887363
председатель,4.321928094887363
совет,4.321928094887363
директор,4.321928094887363
крылов,5.321928094887363
регулярный,4.321928094887363
поддерживать,5.321928094887363
илюха,5.321928094887363
уехать,4.321928094887363
северный,4.321928094887363
америка,4.321928094887363
попробовать,5.321928094887363
сила,4.321928094887363
право,3.736965594166206
запрещать,5.321928094887363
назад,5.321928094887363
что-то,5.321928094887363
получиться,5.321928094887363
дать,2.321928094887362
шанс,5.321928094887363
разумеется,5.321928094887363
мы,3.321928094887362
понадобиться,5.321928094887363
усиление,5.321928094887363
идти,3.736965594166206
нынешний,5.321928094887363
проблема,3.321928094887362
арена,3.736965594166206
омск,5.321928094887363
подмосковный,5.321928094887363
балашиха,4.321928094887363
неправда,5.321928094887363
кто-то,5.321928094887363
поехать,5.321928094887363
играть,4.321928094887363
подписать,5.321928094887363
условие,5.321928094887363
алексей,3.736965594166206
емелин,5.321928094887363
просто,5.321928094887363
договориться,4.321928094887363
год,1.6214883767462702
принципиальный,5.321928094887363
стоять,5.321928094887363
какой-то,4.321928094887363
ограничение,4.321928094887363
функционер,5.321928094887363
максим,5.321928094887363
мамин,5.321928094887363
прокомментировать,5.321928094887363
sport24,5.321928094887363
завоевать,5.321928094887363
впечатление,5.321928094887363
радостный,5.321928094887363
смотреть,5.321928094887363
лицо,3.0
партнёр,2.736965594166206
семья,5.321928094887363
обнимать,5.321928094887363
когда-либо,5.321928094887363
испытывать,5.321928094887363
зря,5.321928094887363
возвращаться,5.321928094887363
флорида,5.321928094887363
мочь,2.321928094887362
мечтать,5.321928094887363
настроить,5.321928094887363
вернуться,5.321928094887363
попраздновать,5.321928094887363
выступать,2.736965594166206
пантёрзнуть,5.321928094887363
ценный,5.321928094887363
поделиться,5.321928094887363
область/,5.321928094887363
межсезонье,5.321928094887363
пятница,5.321928094887363
игорь,5.321928094887363
есмантович,5.321928094887363
переиграть,5.321928094887363
обладатель,4.321928094887363
никто,5.321928094887363
океан,5.321928094887363
надеяться,4.321928094887363
сережа,5.321928094887363
андронов,5.321928094887363
предварительный,5.321928094887363
разговор,5.321928094887363
язык,4.321928094887363
нью-йорк,5.321928094887363
рейнджерс,5.321928094887363
хенрик,5.321928094887363
лундквист,5.321928094887363
согласиться,5.321928094887363
выступить,4.321928094887363
швеция,5.321928094887363
информировать,5.321928094887363
шведский,4.321928094887363
новостной,5.321928094887363
портал,4.321928094887363
svt,5.321928094887363
текущий,3.736965594166206
суметь,5.321928094887363
среднее,3.321928094887362
пропускать,5.321928094887363
шайба,4.321928094887363
становиться,3.321928094887362
также,1.7369655941662063
мира-2017,5.321928094887363
словацкий,5.321928094887363
братислава,5.321928094887363
кошица,5.321928094887363
май,3.736965594166206
группа,5.321928094887363
австрия,5.321928094887363
латвия,5.321928094887363
норвегия,5.321928094887363
чехия,4.321928094887363
швейцария,5.321928094887363
кладный,5.321928094887363
яромир,5.321928094887363
ягр,5.321928094887363
забросить,5.321928094887363
чёска-будеевица,5.321928094887363
чешский,5.321928094887363
дивизион,5.321928094887363
ягра,5.321928094887363
образ,5.321928094887363
путёвка,5.321928094887363
высокий,3.736965594166206
страна,4.321928094887363
напомнить,3.736965594166206
являться,3.0
владелец,5.321928094887363
начинать,5.321928094887363
сезоне-2017/18,5.321928094887363
действовать,5.321928094887363
занимать,3.736965594166206
список,4.321928094887363
уэйн,5.321928094887363
гретцк,5.321928094887363
актив,5.321928094887363
очко,5.321928094887363
аргентинский,5.321928094887363
барселона,5.321928094887363
лионель,5.321928094887363
признать,5.321928094887363
прошедший,5.321928094887363
неделя,3.736965594166206
официальный,3.0
твиттер,5.321928094887363
вторник,5.321928094887363
камп,5.321928094887363
ноу,5.321928094887363
лч,5.321928094887363
английский,5.321928094887363
забить,5.321928094887363
три,5.321928094887363
итоговый,5.321928094887363
составить,3.736965594166206
позволить,4.321928094887363
барс,5.321928094887363
манкунианец,5.321928094887363
нос,5.321928094887363
награда,5.321928094887363
соперничать,5.321928094887363
аякса,5.321928094887363
матейсом,5.321928094887363
де,5.321928094887363
лигтом,5.321928094887363
роберто,5.321928094887363
фирмин,5.321928094887363
сон,5.321928094887363
хен,5.321928094887363
мином,5.321928094887363
лионеля,5.321928094887363
ответный,5.321928094887363
среда,3.736965594166206
мая.ванда,5.321928094887363
нара,5.321928094887363
жена,5.321928094887363
маурый,5.321928094887363
икарди,5.321928094887363
аргентинец,5.321928094887363
продолжить,5.321928094887363
calciomercato,5.321928094887363
попадать,4.321928094887363
протяжение,5.321928094887363
месяц,5.321928094887363
соглашение,5.321928094887363
относительно,5.321928094887363
контракт,5.321928094887363
услуга,5.321928094887363
заинтересовать,5.321928094887363
мадридский,5.321928094887363
атлетико,5.321928094887363
реал,5.321928094887363
наполоть,5.321928094887363
отдать,5.321928094887363
передача,5.321928094887363
семак,5.321928094887363
обвинить,5.321928094887363
краснодар,5.321928094887363
попытка,5.321928094887363
спровоцировать,5.321928094887363
драка,5.321928094887363
петербургский,5.321928094887363
зенит,5.321928094887363
сергей,4.321928094887363
едва,5.321928094887363
привести,3.736965594166206
массовый,3.321928094887362
представитель,4.321928094887363
тренерский,5.321928094887363
штаб,5.321928094887363
понять,4.321928094887363
связать,4.321928094887363
заминка,5.321928094887363
выполнение,3.736965594166206
замена,5.321928094887363
конфликт,5.321928094887363
проводить,5.321928094887363
лимит,5.321928094887363
сначала,5.321928094887363
планировать,3.736965594166206
выпустить,4.321928094887363
вместо,4.321928094887363
иностранец,5.321928094887363
ригнать,5.321928094887363
судья,5.321928094887363
поднимать,4.321928094887363
резервный,5.321928094887363
десять,4.321928094887363
объяснить,5.321928094887363
объяснять,5.321928094887363
противоположный,5.321928094887363
убрать,5.321928094887363
готовый,4.321928094887363
вынужденный,5.321928094887363
растеряться,5.321928094887363
боков,5.321928094887363
арбитр,5.321928094887363
мы-то,5.321928094887363
повод,5.321928094887363
оздоева,5.321928094887363
бывать,5.321928094887363
прийтись,5.321928094887363
заменить,5.321928094887363
скамейка,5.321928094887363
ровный,5.321928094887363
ясно,5.321928094887363
понятно,5.321928094887363
цитировать,5.321928094887363
sports.ru,5.321928094887363
представить,2.736965594166206
система,2.321928094887362
умный,3.736965594166206
дом,3.321928094887362
новинка,3.736965594166206
бытовой,3.736965594166206
техника,3.736965594166206
центр,4.321928094887363
бизнес-и,4.321928094887363
спортивный,4.321928094887363
кластер,4.321928094887363
втб,4.321928094887363
парк,4.321928094887363
отель,3.736965594166206
hyatt,4.321928094887363
regency,4.321928094887363
moscow,4.321928094887363
petrovsky,4.321928094887363
park,4.321928094887363
lg,3.736965594166206
electronics,4.321928094887363
бизнес-партнёр,4.321928094887363
дизайнер,4.321928094887363
интерьер,4.321928094887363
thinq,4.321928094887363
ai,4.321928094887363
область,3.321928094887362
искусственный,3.321928094887362
интеллект,3.736965594166206
интернет,3.321928094887362
премиальный,4.321928094887363
аудио,4.321928094887363
популярный,3.736965594166206
востребовать,4.321928094887363
постепенно,3.736965594166206
проникать,4.321928094887363
следовать,3.736965594166206
глобальный,4.321928094887363
тенденция,3.736965594166206
wi-fi,4.321928094887363
соединение,4.321928094887363
объединять,4.321928094887363
устройство,2.5145731728297585
производить,4.321928094887363
компания,1.5145731728297582
центральный,4.321928094887363
телевизор,4.321928094887363
платформа,3.0
smart,3.736965594166206
качество,3.0
единый,4.321928094887363
пользовательский,4.321928094887363
интерфейс,3.736965594166206
консолидация,4.321928094887363
умных-устройство,4.321928094887363
встроить,3.321928094887362
панель,3.736965594166206
управление,4.321928094887363
контролировать,3.736965594166206
прибор,3.736965594166206
домашний,4.321928094887363
голосовой,3.736965594166206
поменять,4.321928094887363
температура,3.736965594166206
холодильник,4.321928094887363
посмотреть,4.321928094887363
статус,3.736965594166206
стиральный,4.321928094887363
машина,3.321928094887362
styler,4.321928094887363
включить/выключить,4.321928094887363
робот-пылесос,4.321928094887363
отправить,4.321928094887363
зарядка,4.321928094887363
очиститель,4.321928094887363
воздух,3.736965594166206
режим,3.736965594166206
скорость,3.0
вентилятор,4.321928094887363
проверить,4.321928094887363
пыль,4.321928094887363
кондиционер,4.321928094887363
мощность,3.736965594166206
поток,4.321928094887363
тема,3.736965594166206
развитие,3.0
технология,3.0
будущее,3.0
скоро,4.321928094887363
качественно,4.321928094887363
преобразить,4.321928094887363
человечество,3.736965594166206
подвластный,4.321928094887363
многий,3.0
задача,3.321928094887362
алгоритм,3.321928094887362
обучение,4.321928094887363
использовать,3.0
глубинный,3.736965594166206
преобразование,4.321928094887363
картинка,4.321928094887363
звук,4.321928094887363
способ,4.321928094887363
лаборатория,4.321928094887363
касперский,4.321928094887363
применять,4.321928094887363
машинный,4.321928094887363
эффективный,4.321928094887363
построение,4.321928094887363
модель,3.0
способный,2.736965594166206
автоматически,4.321928094887363
различать,4.321928094887363
чистый,4.321928094887363
вредоносный,4.321928094887363
файл,4.321928094887363
рассказывать,3.736965594166206
антивирусный,4.321928094887363
эксперт,3.0
малан,4.321928094887363
участие,3.321928094887362
территория,3.736965594166206
клавиатура,5.321928094887363
прошлое,4.321928094887363
предположение,5.321928094887363
время,2.736965594166206
навсегда,5.321928094887363
достояние,5.321928094887363
hi-tech,4.321928094887363
принадлежать,5.321928094887363
ассистент,5.321928094887363
давно,5.321928094887363
отойти,5.321928094887363
задний,5.321928094887363
план,5.321928094887363
повсеместный,5.321928094887363
использование,4.321928094887363
общество,5.321928094887363
поскольку,5.321928094887363
прогресс,5.321928094887363
стоить,4.321928094887363
прежний,4.321928094887363
способствовать,5.321928094887363
мешать,5.321928094887363
полноценный,4.321928094887363
взаимодействие,3.736965594166206
некоторый,5.321928094887363
девайс,5.321928094887363
значительно,5.321928094887363
уменьшать,5.321928094887363
эффективность,4.321928094887363
подобный,3.0
назвать,4.321928094887363
причина,3.736965594166206
частность,3.736965594166206
печатание,5.321928094887363
зависеть,5.321928094887363
длинный,5.321928094887363
натренировать,5.321928094887363
палец,5.321928094887363
существенно,5.321928094887363
ускорить,5.321928094887363
упростить,5.321928094887363
процесс,4.321928094887363
пример,3.736965594166206
распечатка,5.321928094887363
какой-либо,5.321928094887363
бланк,5.321928094887363
государственный,5.321928094887363
учреждение,5.321928094887363
межбанковский,4.321928094887363
акселерационный,4.321928094887363
banktech,4.321928094887363
организовать,4.321928094887363
финтех,4.321928094887363
лаб,4.321928094887363
газпромбанк,4.321928094887363
акселератор,4.321928094887363
стартовать,4.321928094887363
конец,3.736965594166206
продлиться,4.321928094887363
подать,4.321928094887363
заявка,3.736965594166206
результат,4.321928094887363
сотрудничество,4.321928094887363
планироваться,3.321928094887362
запустить,3.321928094887362
пилотный,4.321928094887363
проект,3.321928094887362
разработать,2.736965594166206
стартап,4.321928094887363
прямой,3.736965594166206
банк-партнёр,4.321928094887363
организатор,4.321928094887363
приоритетный,4.321928094887363
направление,4.321928094887363
отбор,4.321928094887363
роботизация,4.321928094887363
входящая,4.321928094887363
исходящая,4.321928094887363
коммуникация,3.736965594166206
клиент,4.321928094887363
чат-бот,4.321928094887363
создание,4.321928094887363
поиск,3.736965594166206
потенциальный,3.321928094887362
цифровой,3.321928094887362
канал,4.321928094887363
скоринговый,4.321928094887363
биометрический,4.321928094887363
идентификация,4.321928094887363
сервис,3.736965594166206
малое,4.321928094887363
бизнес,3.321928094887362
риск-профилирование,4.321928094887363
число,3.321928094887362
юридический,4.321928094887363
цифровизация,3.736965594166206
банковский,4.321928094887363
составлять,3.0
современный,3.736965594166206
финансовый,4.321928094887363
организация,4.321928094887363
участник,3.321928094887362
улучшить,4.321928094887363
продукт,3.321928094887362
банк,4.321928094887363
технологический,3.736965594166206
начальник,4.321928094887363
департамент,4.321928094887363
информационно-технологический,4.321928094887363
инновация,3.736965594166206
екатерина,4.321928094887363
фроловичев,4.321928094887363
instagram,5.321928094887363
начать,5.321928094887363
скрывать,5.321928094887363
количество,4.321928094887363
лайковый,5.321928094887363
возможно,3.736965594166206
серьёзный,4.321928094887363
аккаунт,5.321928094887363
twitter,4.321928094887363
джейн,5.321928094887363
маньчун,5.321928094887363
вонг,5.321928094887363
исследование,5.321928094887363
приложение,3.736965594166206
указать,5.321928094887363
иной,5.321928094887363
запись,5.321928094887363
поставить,5.321928094887363
соцсеть,4.321928094887363
примечательно,5.321928094887363
якобы,5.321928094887363
согласный,5.321928094887363
перемена,5.321928094887363
назреть,5.321928094887363
действительно,5.321928094887363
настать,5.321928094887363
оценивать,4.321928094887363
контент,5.321928094887363
фас,5.321928094887363
выработать,5.321928094887363
подход,5.321928094887363
рассмотрение,5.321928094887363
антиконкурентный,5.321928094887363
поведение,5.321928094887363
ведомство,5.321928094887363
пол,5.321928094887363
зрение,5.321928094887363
частый,4.321928094887363
случай,3.321928094887362
недобросовестный,5.321928094887363
электронный,4.321928094887363
информационный,3.736965594166206
зачастую,5.321928094887363
аналог,5.321928094887363
прошлый,5.321928094887363
федеральный,5.321928094887363
антимонопольный,5.321928094887363
служба,4.321928094887363
считать,4.321928094887363
дело,4.321928094887363
конкуренция,5.321928094887363
итог,5.321928094887363
заседание,5.321928094887363
методический,5.321928094887363
учёт,5.321928094887363
больший,4.321928094887363
объём,4.321928094887363
экономика,5.321928094887363
связь,3.736965594166206
орган,5.321928094887363
вырабатывать,5.321928094887363
рынок,3.736965594166206
конкурент,5.321928094887363
создавать,4.321928094887363
действие,5.321928094887363
говориться,4.321928094887363
сообщение,4.321928094887363
замглавы,5.321928094887363
андрей,5.321928094887363
кашевар,5.321928094887363
чей,5.321928094887363
приводиться,5.321928094887363
заявление,4.321928094887363
агрегатор,5.321928094887363
такси,4.321928094887363
препятствовать,5.321928094887363
правильный,5.321928094887363
ограничивать,5.321928094887363
возможность,3.321928094887362
выбор,5.321928094887363
водитель,3.736965594166206
речь,5.321928094887363
невозможность,5.321928094887363
одновременный,5.321928094887363
осуществлять,5.321928094887363
приём,5.321928094887363
заказ,4.321928094887363
принудительный,5.321928094887363
блокировка,5.321928094887363
содержимый,5.321928094887363
признак,5.321928094887363
очередь,4.321928094887363
голомолзин,5.321928094887363
цель,4.321928094887363
борьба,5.321928094887363
накануне,5.321928094887363
возбудить,5.321928094887363
отношение,5.321928094887363
headhunter,5.321928094887363
superjob,5.321928094887363
rabota.ru,5.321928094887363
программный,4.321928094887363
обеспечение,5.321928094887363
автоматизированный,5.321928094887363
персонал,5.321928094887363
голомолзина,5.321928094887363
сторонник,5.321928094887363
потребитель,5.321928094887363
препятствие,5.321928094887363
появление,4.321928094887363
обращать,5.321928094887363
кейс,5.321928094887363
причём,5.321928094887363
каждый,3.736965594166206
разом,5.321928094887363
сложный,5.321928094887363
изощрённый,5.321928094887363
быстро,5.321928094887363
меняться,5.321928094887363
действительность,5.321928094887363
подпадать,5.321928094887363
соответствующий,5.321928094887363
нормативный,5.321928094887363
регулирование,5.321928094887363
благодаря,3.736965594166206
детальный,5.321928094887363
плодотворный,5.321928094887363
обсуждение,5.321928094887363
уверенный,5.321928094887363
найтись,5.321928094887363
подвести,5.321928094887363
цыганов,5.321928094887363
life,5.321928094887363
пять,4.321928094887363
пугать,5.321928094887363
нести,5.321928094887363
опасность,5.321928094887363
строчка,5.321928094887363
распознавание,5.321928094887363
вышеуказанный,5.321928094887363
издание,5.321928094887363
отмечать,4.321928094887363
отслеживание,5.321928094887363
поимка,5.321928094887363
преступник,5.321928094887363
человек,4.321928094887363
лишаться,5.321928094887363
пространство,3.736965594166206
шаг,5.321928094887363
заранее,5.321928094887363
активный,5.321928094887363
google,3.736965594166206
уметь,5.321928094887363
дополнять,5.321928094887363
поисковый,5.321928094887363
запрос,5.321928094887363
uber,5.321928094887363
строить,5.321928094887363
маршрут,4.321928094887363
автор,4.321928094887363
опасаться,5.321928094887363
понимать,4.321928094887363
какой,5.321928094887363
помимо,5.321928094887363
посоветовать,5.321928094887363
остерегаться,5.321928094887363
последний,3.736965594166206
например,5.321928094887363
duplex,5.321928094887363
забронировать,5.321928094887363
номер,5.321928094887363
самостоятельно,5.321928094887363
купить,3.321928094887362
билет,5.321928094887363
кино,5.321928094887363
противоречие,5.321928094887363
связанный,5.321928094887363
редактирование,5.321928094887363
днк,5.321928094887363
инициатива,5.321928094887363
учёный,5.321928094887363
китай,5.321928094887363
применить,4.321928094887363
выработка,5.321928094887363
иммунитет,5.321928094887363
спид,5.321928094887363
заключение,5.321928094887363
amazon,4.321928094887363
запатентовать,5.321928094887363
браслет,5.321928094887363
тактильный,5.321928094887363
обратный,5.321928094887363
свидетельствовать,5.321928094887363
слежка,5.321928094887363
выходить,5.321928094887363
уровень,3.736965594166206
подчёркивать,5.321928094887363
автограф,5.321928094887363
интегрировать,5.321928094887363
trucks,5.321928094887363
предназначить,5.321928094887363
распределение,5.321928094887363
груз,4.321928094887363
моделирование,5.321928094887363
логистический,5.321928094887363
особенность,4.321928094887363
заключаться,4.321928094887363
адаптивный,5.321928094887363
планирование,5.321928094887363
ресурс,5.321928094887363
компания-перевозчик,5.321928094887363
соблюдать,5.321928094887363
срок,4.321928094887363
оптимально,5.321928094887363
распределять,5.321928094887363
загрузка,5.321928094887363
минимизировать,5.321928094887363
пробег,5.321928094887363
повышать,5.321928094887363
прибыль,5.321928094887363
мониторинг,3.736965594166206
транспорт,4.321928094887363
служить,5.321928094887363
основный,4.321928094887363
источник,3.321928094887362
транспортный,5.321928094887363
разработчик,4.321928094887363
комплекс,5.321928094887363
предъявлять,5.321928094887363
жёсткий,5.321928094887363
требование,5.321928094887363
надёжность,5.321928094887363
телематический,5.321928094887363
оборудование,5.321928094887363
бортовый,5.321928094887363
контроллер,5.321928094887363
полностью,4.321928094887363
отвечать,5.321928094887363
модуль,5.321928094887363
интеграция,5.321928094887363
успешно,5.321928094887363
глонасс/gps-контроль,5.321928094887363
основа,4.321928094887363
спутниковый,5.321928094887363
поступать,5.321928094887363
фактический,5.321928094887363
местоположение,5.321928094887363
объект,4.321928094887363
отображение,5.321928094887363
карта,5.321928094887363
определять,5.321928094887363
операция,5.321928094887363
просматривать,5.321928094887363
передвижение,5.321928094887363
промежуток,5.321928094887363
состояние,4.321928094887363
погрузка,5.321928094887363
транспортировка,5.321928094887363
разгрузка,5.321928094887363
т.д,4.321928094887363
оперативный,3.736965594166206
уведомление,5.321928094887363
отклонение,5.321928094887363
запланировать,5.321928094887363
событие,4.321928094887363
качественный,5.321928094887363
марка,5.321928094887363
руководитель,5.321928094887363
диспетчер,5.321928094887363
точный,5.321928094887363
инструмент,5.321928094887363
снижать,4.321928094887363
транспортно-логистический,5.321928094887363
затрата,5.321928094887363
oneplus,5.321928094887363
производство,4.321928094887363
старт,5.321928094887363
продажа,3.321928094887362
обещать,5.321928094887363
миллион,5.321928094887363
смартфон,3.0
недостаток,5.321928094887363
xiaomi,4.321928094887363
mi,4.321928094887363
повториться,5.321928094887363
предшественник,5.321928094887363
обеспечить,4.321928094887363
идеальный,5.321928094887363
баланс,5.321928094887363
цена,3.321928094887362
характеристика,3.321928094887362
рассчитывать,5.321928094887363
создать,4.321928094887363
достаточный,5.321928094887363
складской,4.321928094887363
запас,4.321928094887363
глава,3.736965594166206
лю,5.321928094887363
цзоха,5.321928094887363
liu,5.321928094887363
zuohu,5.321928094887363
приступить,5.321928094887363
свыше,5.321928094887363
штука,5.321928094887363
спрос,4.321928094887363
удовлетворить,5.321928094887363
желать,5.321928094887363
гарантированно,5.321928094887363
рубрика,5.321928094887363
hardware,5.321928094887363
робот,4.321928094887363
кузнецов,5.321928094887363
прочитать,5.321928094887363
голос,5.321928094887363
средний,5.321928094887363
марк,5.321928094887363
рейберт,5.321928094887363
финальный,5.321928094887363
версия,5.321928094887363
четвероногий,5.321928094887363
spotmini,5.321928094887363
коммерческий,4.321928094887363
лето,5.321928094887363
boston,5.321928094887363
dynamics,5.321928094887363
серийный,5.321928094887363
робопёс,5.321928094887363
июль,5.321928094887363
август,5.321928094887363
намерить,5.321928094887363
около,3.736965594166206
сотня,5.321928094887363
сходить,5.321928094887363
сборочный,5.321928094887363
линия,5.321928094887363
пока,3.321928094887362
бета-версия,5.321928094887363
тестирование,5.321928094887363
инженер,5.321928094887363
постоянно,4.321928094887363
вносить,5.321928094887363
поправка,5.321928094887363
заработать,5.321928094887363
успех,5.321928094887363
маска,5.321928094887363
безоса,5.321928094887363
встречать,5.321928094887363
рассылка,5.321928094887363
money+,5.321928094887363
создатель,5.321928094887363
утверждать,5.321928094887363
надёжный,5.321928094887363
корпус,4.321928094887363
защищать,5.321928094887363
внутренний,5.321928094887363
деталь,5.321928094887363
падение,5.321928094887363
камера,4.321928094887363
обеспечивать,5.321928094887363
круговой,5.321928094887363
обзор,5.321928094887363
продемонстрировать,5.321928094887363
заставить,5.321928094887363
тащить,5.321928094887363
упряжка,5.321928094887363
грузовик,5.321928094887363
кроме,5.321928094887363
часто,4.321928094887363
ошибочно,5.321928094887363
голова,5.321928094887363
стабилизировать,5.321928094887363
оставаться,4.321928094887363
неподвижный,5.321928094887363
двигаться,5.321928094887363
обеспечиваться,4.321928094887363
гибкость,5.321928094887363
андроид,5.321928094887363
среди,4.321928094887363
быть,5.321928094887363
писать,5.321928094887363
techcrunch,5.321928094887363
продвигать,5.321928094887363
handle,5.321928094887363
напоминать,5.321928094887363
птица,5.321928094887363
колесо,5.321928094887363
коробка,5.321928094887363
вес,5.321928094887363
кг,5.321928094887363
автономный,5.321928094887363
тренд,4.321928094887363
пригодиться,5.321928094887363
травить,5.321928094887363
яд,5.321928094887363
сотрудник,5.321928094887363
сша,4.321928094887363
южный,5.321928094887363
корея,5.321928094887363
мобильный,5.321928094887363
стабильность,5.321928094887363
настоящий,4.321928094887363
переложить,5.321928094887363
ещё,4.321928094887363
забота,5.321928094887363
окончательно,5.321928094887363
зависимый,5.321928094887363
внезапно,5.321928094887363
отключиться,5.321928094887363
статистика,5.321928094887363
подавлять,5.321928094887363
большинство,5.321928094887363
подключить,5.321928094887363
сима-карта,5.321928094887363
модем,4.321928094887363
автомобиль,3.736965594166206
протезы…,5.321928094887363
согласно,5.321928094887363
экспертный,5.321928094887363
превзойти,5.321928094887363
телефон,5.321928094887363
пк,4.321928094887363
несколько,4.321928094887363
миллиард,5.321928094887363
повсеместно,5.321928094887363
инфраструктура,5.321928094887363
смарта-девайс,5.321928094887363
подконтрольный,5.321928094887363
городской,4.321928094887363
рухнуть,5.321928094887363
отключение,5.321928094887363
накрыть,5.321928094887363
блэкаут,5.321928094887363
масштаб,5.321928094887363
катастрофа,5.321928094887363
дания,5.321928094887363
следить,5.321928094887363
содержание,5.321928094887363
сера,5.321928094887363
выхлопной,5.321928094887363
газ,5.321928094887363
судно,5.321928094887363
бельт,5.321928094887363
беспилотный,4.321928094887363
летательный,5.321928094887363
аппарат,5.321928094887363
dronedj,5.321928094887363
ссылка,5.321928094887363
европейский,4.321928094887363
агентство,5.321928094887363
морской,5.321928094887363
безопасность,5.321928094887363
emsa,5.321928094887363
газа,5.321928094887363
корабль,5.321928094887363
крупный,5.321928094887363
выброс,5.321928094887363
атмосфера,5.321928094887363
широко,5.321928094887363
guardian,5.321928094887363
сопоставимый,5.321928094887363
мазут,5.321928094887363
использоваться,3.736965594166206
топливо,5.321928094887363
порядок,4.321928094887363
выше,5.321928094887363
дизельный,5.321928094887363
контроль,5.321928094887363
пролив,5.321928094887363
датчанин,5.321928094887363
решить,5.321928094887363
установленный,5.321928094887363
дрон,5.321928094887363
суд,5.321928094887363
расстояние,5.321928094887363
метр,5.321928094887363
видеопоток,5.321928094887363
подробность,4.321928094887363
судный,5.321928094887363
беспилотник,4.321928094887363
нижний,5.321928094887363
часть,5.321928094887363
видный,5.321928094887363
установить,5.321928094887363
skeldar,5.321928094887363
v-200,5.321928094887363
saab,5.321928094887363
четырёхметровый,5.321928094887363
максимальный,4.321928094887363
взлётный,5.321928094887363
масса,5.321928094887363
килограмм,5.321928094887363
брать,5.321928094887363
борт,5.321928094887363
шесть,4.321928094887363
часы,5.321928094887363
километр,5.321928094887363
химик,5.321928094887363
гибридный,5.321928094887363
катализатор,5.321928094887363
окисление,5.321928094887363
угарный,5.321928094887363
состоять,5.321928094887363
гексагональный,5.321928094887363
нитрид,5.321928094887363
бор,5.321928094887363
серебряный,5.321928094887363
наночастица,5.321928094887363
материал,5.321928094887363
добиться,5.321928094887363
полный,5.321928094887363
конверсия,5.321928094887363
монооксид,5.321928094887363
углерод,5.321928094887363
градус,5.321928094887363
цельсий,5.321928094887363
brand,5.321928094887363
analytics,5.321928094887363
сколково,4.321928094887363
палитрумлабнуть,5.321928094887363
внедрить,5.321928094887363
аналитический,5.321928094887363
автоматический,5.321928094887363
выявление,5.321928094887363
агрессия,5.321928094887363
медиа,5.321928094887363
разработка,5.321928094887363
применяться,5.321928094887363
ранний,4.321928094887363
обнаружение,5.321928094887363
очаг,5.321928094887363
напряжение,5.321928094887363
инфополе,5.321928094887363
вокруг,5.321928094887363
бренд,4.321928094887363
регион,5.321928094887363
тематика,5.321928094887363
персона,5.321928094887363
выявлять,5.321928094887363
направленность,5.321928094887363
кибербуллинг,5.321928094887363
процветать,5.321928094887363
раздражать,5.321928094887363
нетабуировать,5.321928094887363
интернет-травля,5.321928094887363
настигать,5.321928094887363
отдельный,5.321928094887363
целый,5.321928094887363
корпорация,5.321928094887363
ущерб,5.321928094887363
измеряться,5.321928094887363
миллионный,5.321928094887363
убыток,5.321928094887363
пониматься,5.321928094887363
направить,5.321928094887363
воздействие,5.321928094887363
нанести,5.321928094887363
снижение,4.321928094887363
субъект,5.321928094887363
общепринятый,5.321928094887363
классификация,5.321928094887363
относить,5.321928094887363
харасмент,5.321928094887363
расизм,5.321928094887363
сексизм,5.321928094887363
троллинг,5.321928094887363
запугивание,5.321928094887363
частный,5.321928094887363
защита,5.321928094887363
виртуальный,5.321928094887363
тролль,5.321928094887363
соблюдение,5.321928094887363
несложный,5.321928094887363
правило,5.321928094887363
гигиена,5.321928094887363
обойтись,5.321928094887363
сигнальный,5.321928094887363
вовремя,5.321928094887363
напряжённость,5.321928094887363
русскоязычный,5.321928094887363
соцмедиа,5.321928094887363
компания-разработчик,5.321928094887363
уникальный,5.321928094887363
выявить,5.321928094887363
угроза,5.321928094887363
определить,5.321928094887363
тип,5.321928094887363
интенсивность,5.321928094887363
практический,5.321928094887363
начальный,5.321928094887363
инвективный,5.321928094887363
мотив,5.321928094887363
общение,5.321928094887363
клиентский,5.321928094887363
весьма,5.321928094887363
актуально,5.321928094887363
розничный,5.321928094887363
обнаруживать,5.321928094887363
opinion,5.321928094887363
реакция,5.321928094887363
агрессивный,5.321928094887363
возмущение,5.321928094887363
trolling,5.321928094887363
номинация,5.321928094887363
намерение,5.321928094887363
пожелание,5.321928094887363
call,5.321928094887363
призыв,5.321928094887363
обнаружить,5.321928094887363
наталья,5.321928094887363
соколов,5.321928094887363
интеллектуальный,5.321928094887363
анализ,5.321928094887363
естественный,5.321928094887363
text,5.321928094887363
mining,5.321928094887363
ключевой,4.321928094887363
big,5.321928094887363
data,5.321928094887363
смысл,5.321928094887363
происходить,5.321928094887363
эмотивный,5.321928094887363
текст,5.321928094887363
маркер,5.321928094887363
социально-общественный,5.321928094887363
деятельность,5.321928094887363
давать,5.321928094887363
проблемный,5.321928094887363
зона,5.321928094887363
предотвращать,5.321928094887363
отрицательный,5.321928094887363
последствие,5.321928094887363
светлана,5.321928094887363
подгорный,5.321928094887363
советник,5.321928094887363
антикризисный,5.321928094887363
rights,5.321928094887363
business,5.321928094887363
standard,5.321928094887363
фильтр,5.321928094887363
указывать,5.321928094887363
готовность,5.321928094887363
офлайн-активность,5.321928094887363
вербальный,5.321928094887363
обычно,5.321928094887363
заметно,5.321928094887363
повышаться,5.321928094887363
митинг,5.321928094887363
повышение,5.321928094887363
относительный,5.321928094887363
формирование,5.321928094887363
волна,5.321928094887363
разрядить,5.321928094887363
сформировать,5.321928094887363
семантический,5.321928094887363
ядро,4.321928094887363
допустить,5.321928094887363
видеть,5.321928094887363
всплеск,5.321928094887363
упоминаемость,5.321928094887363
сходу,5.321928094887363
взгляд,5.321928094887363
разрознить,5.321928094887363
частотка,5.321928094887363
заметный,5.321928094887363
массив,5.321928094887363
репост,5.321928094887363
дубль,5.321928094887363
фильтрация,5.321928094887363
сузить,5.321928094887363
необходимость,5.321928094887363
пристальный,5.321928094887363
изучение,5.321928094887363
обработка,5.321928094887363
негативный,5.321928094887363
резонансный,5.321928094887363
беспроводный,5.321928094887363
утюг,5.321928094887363
cordless,5.321928094887363
steam,5.321928094887363
iron,5.321928094887363
неизвестно,5.321928094887363
поступить,5.321928094887363
ассортимент,5.321928094887363
пополниться,5.321928094887363
функция,5.321928094887363
отпаривания,5.321928094887363
передовой,5.321928094887363
громкий,5.321928094887363
функциональность,5.321928094887363
невысокий,5.321928094887363
потреблять,5.321928094887363
достигать,5.321928094887363
вт,5.321928094887363
немой,5.321928094887363
друг,5.321928094887363
иметься,5.321928094887363
предусмотреть,5.321928094887363
резервуар,5.321928094887363
мл,5.321928094887363
вода,5.321928094887363
фиксироваться,5.321928094887363
зарядный,5.321928094887363
станция,5.321928094887363
механический,5.321928094887363
замок,5.321928094887363
разблокировать,5.321928094887363
кнопка,5.321928094887363
отсоединение,5.321928094887363
нагрев,5.321928094887363
течение,4.321928094887363
конструкция,5.321928094887363
алюминиевый,5.321928094887363
сплав,5.321928094887363
керамика,5.321928094887363
увы,4.321928094887363
магазин,4.321928094887363
apple,4.321928094887363
монитор,5.321928094887363
ultrafine,5.321928094887363
исчезнуть,5.321928094887363
прекратить,5.321928094887363
наиболее,5.321928094887363
подходящий,5.321928094887363
mac,5.321928094887363
учитывать,5.321928094887363
продавать,5.321928094887363
купертинец,5.321928094887363
доступный,5.321928094887363
display,5.321928094887363
доллар,4.321928094887363
исчезновение,5.321928094887363
сторонний,5.321928094887363
продавец,5.321928094887363
вероятный,4.321928094887363
расчищать,5.321928094887363
правда,4.321928094887363
конкурировать,5.321928094887363
власть,5.321928094887363
яндекс,5.321928094887363
пообещать,5.321928094887363
запуск,5.321928094887363
роботизированный,5.321928094887363
страничка,5.321928094887363
заметка,5.321928094887363
отмечаться,5.321928094887363
протестировать,5.321928094887363
лас-вегас,5.321928094887363
иннополис,5.321928094887363
тест,5.321928094887363
израиль,5.321928094887363
прошедшее,5.321928094887363
международный,5.321928094887363
саммит,5.321928094887363
лидер,5.321928094887363
операционный,4.321928094887363
грег,5.321928094887363
абовский,5.321928094887363
снизить,4.321928094887363
загруженность,5.321928094887363
улица,5.321928094887363
развивать,5.321928094887363
уверить,4.321928094887363
сегодняшний,5.321928094887363
три-четыре,5.321928094887363
будущий,5.321928094887363
дтп,5.321928094887363
затор,5.321928094887363
аварийность,5.321928094887363
соответственно,4.321928094887363
сократиться,5.321928094887363
скидка,5.321928094887363
предлагать,5.321928094887363
pixel,5.321928094887363
xl,5.321928094887363
смешной,5.321928094887363
европа,5.321928094887363
подешеветь,5.321928094887363
треть,5.321928094887363
устроить,5.321928094887363
аттракцион,5.321928094887363
неслыханный,5.321928094887363
щедрость,5.321928094887363
ряд,5.321928094887363
сильно,5.321928094887363
интернет-магазин,5.321928094887363
ак,5.321928094887363
германия,5.321928094887363
евро,5.321928094887363
великобритания,5.321928094887363
фунт,5.321928094887363
стерлинг,5.321928094887363
цент,5.321928094887363
выпуск,4.321928094887363
октябрь,5.321928094887363
судить,5.321928094887363
анонс,5.321928094887363
распродавать,5.321928094887363
прошлогодний,5.321928094887363
флагман,4.321928094887363
дебют,5.321928094887363
ожидаться,4.321928094887363
простой,5.321928094887363
дешёвый,5.321928094887363
оригинальный,5.321928094887363
стартовый,5.321928094887363
неожиданно,5.321928094887363
qualcomm,5.321928094887363
snapdragon,5.321928094887363
soc,5.321928094887363
однокристальный,5.321928094887363
интересный,5.321928094887363
почерпнуть,5.321928094887363
перечень,5.321928094887363
наличие,5.321928094887363
таковой,5.321928094887363
флагманский,5.321928094887363
смена,5.321928094887363
по-настоящему,5.321928094887363
база,4.321928094887363
во-первых,5.321928094887363
cpu,5.321928094887363
высокопроизводительный,5.321928094887363
kryo,5.321928094887363
разный,5.321928094887363
тактовый,5.321928094887363
частота,5.321928094887363
ггц,5.321928094887363
энергоэффективный,5.321928094887363
gpu,5.321928094887363
adreno,5.321928094887363
мгц,5.321928094887363
практически,5.321928094887363
сравнение,5.321928094887363
нейронный,5.321928094887363
процессор,5.321928094887363
npu,5.321928094887363
гб,5.321928094887363
память,5.321928094887363
lpddr4x,5.321928094887363
дисплей,5.321928094887363
разрешение,5.321928094887363
х,5.321928094887363
пиксель,5.321928094887363
hdr10,5.321928094887363
аппаратный,5.321928094887363
декодирование,5.321928094887363
к/с,5.321928094887363
производиться,5.321928094887363
норма,5.321928094887363
нм,5.321928094887363
вряд,5.321928094887363
квартал,5.321928094887363
недавно,5.321928094887363
sanpdragon,5.321928094887363
логично,5.321928094887363
весна,5.321928094887363
asus,5.321928094887363
android-планшет,5.321928094887363
неожиданный,5.321928094887363
ход,5.321928094887363
популярность,5.321928094887363
особенно,5.321928094887363
этот,5.321928094887363
cnbeta,5.321928094887363
уход,5.321928094887363
сведение,5.321928094887363
поставлять,5.321928094887363
комплектовать,5.321928094887363
следовательно,5.321928094887363
zenpad,5.321928094887363
планшет,5.321928094887363
вполне,5.321928094887363
закономерный,5.321928094887363
расти,5.321928094887363
выпускаться,5.321928094887363
остальной,5.321928094887363
планомерно,5.321928094887363
показатель,5.321928094887363
реализация,5.321928094887363
стремительный,5.321928094887363
увеличение,5.321928094887363
размер,5.321928094887363
предложить,5.321928094887363
покупатель,5.321928094887363
диагональ,5.321928094887363
экран,5.321928094887363
производительность,5.321928094887363
множество,5.321928094887363
sony,5.321928094887363
motorola,5.321928094887363
acer,5.321928094887363
пополнение,5.321928094887363
складный,5.321928094887363
сильный,5.321928094887363
уменьшить,5.321928094887363
